date,store,product_category,revenue,orders,units_sold,discount_rate
2026-01-01,Helsinki,Electronics,8661.57,261,332,0.0
2026-01-01,Helsinki,Home,7460.25,80,157,0.0
2026-01-01,Helsinki,Beauty,8281.23,94,161,0.1
2026-01-01,Helsinki,Sports,6789.73,76,87,0.0
2026-01-01,Espoo,Electronics,7943.44,106,185,0.05
2026-01-01,Espoo,Home,7302.62,70,112,0.0
2026-01-01,Espoo,Beauty,6394.97,72,128,0.15
2026-01-01,Espoo,Sports,4802.52,92,140,0.0
2026-01-01,Tampere,Electronics,9100.88,109,177,0.0
2026-01-01,Tampere,Home,6185.01,75,96,0.0
2026-01-01,Tampere,Beauty,5438.69,60,110,0.05
2026-01-01,Tampere,Sports,4691.98,49,96,0.1
2026-01-01,Oulu,Electronics,7470.16,95,164,0.2
2026-01-01,Oulu,Home,5845.21,65,116,0.0
2026-01-01,Oulu,Beauty,5611.72,60,116,0.1
2026-01-01,Oulu,Sports,5704.9,64,105,0.05
2026-01-02,Helsinki,Electronics,8280.24,96,114,0.0
2026-01-02,Helsinki,Home,6129.94,128,204,0.0
2026-01-02,Helsinki,Beauty,6119.3,75,133,0.1
2026-01-02,Helsinki,Sports,5855.3,72,85,0.1
2026-01-02,Espoo,Electronics,6648.1,65,100,0.0
2026-01-02,Espoo,Home,5929.07,122,172,0.15
2026-01-02,Espoo,Beauty,5210.44,68,108,0.0
2026-01-02,Espoo,Sports,4655.35,48,56,0.15
2026-01-02,Tampere,Electronics,6981.04,126,215,0.1
2026-01-02,Tampere,Home,5861.59,66,118,0.0
2026-01-02,Tampere,Beauty,4472.64,36,43,0.0
2026-01-02,Tampere,Sports,4051.88,39,56,0.05
2026-01-02,Oulu,Electronics,6700.13,78,145,0.0
2026-01-02,Oulu,Home,4050.47,64,120,0.15
2026-01-02,Oulu,Beauty,4721.85,64,101,0.2
2026-01-02,Oulu,Sports,4279.61,52,83,0.0
2026-01-03,Helsinki,Electronics,9174.98,97,175,0.05
2026-01-03,Helsinki,Home,7484.18,150,287,0.0
2026-01-03,Helsinki,Beauty,6568.5,89,136,0.1
2026-01-03,Helsinki,Sports,6877.02,83,118,0.0
2026-01-03,Espoo,Electronics,8186.07,96,128,0.0
2026-01-03,Espoo,Home,6187.2,85,115,0.0
2026-01-03,Espoo,Beauty,7285.71,85,132,0.0
2026-01-03,Espoo,Sports,6585.96,72,90,0.05
2026-01-03,Tampere,Electronics,6737.05,89,110,0.0
2026-01-03,Tampere,Home,6355.45,113,174,0.0
2026-01-03,Tampere,Beauty,4273.92,78,142,0.15
2026-01-03,Tampere,Sports,5209.16,58,108,0.05
2026-01-03,Oulu,Electronics,7937.58,84,141,0.05
2026-01-03,Oulu,Home,6805.8,71,123,0.0
2026-01-03,Oulu,Beauty,3750.69,49,75,0.0
2026-01-03,Oulu,Sports,5379.72,66,75,0.0
2026-01-04,Helsinki,Electronics,11270.84,139,162,0.1
2026-01-04,Helsinki,Home,8676.08,108,180,0.05
2026-01-04,Helsinki,Beauty,7628.69,119,211,0.05
2026-01-04,Helsinki,Sports,7180.55,84,145,0.05
2026-01-04,Espoo,Electronics,7437.66,71,123,0.1
2026-01-04,Espoo,Home,7134.89,84,111,0.05
2026-01-04,Espoo,Beauty,7163.37,87,172,0.15
2026-01-04,Espoo,Sports,7084.53,77,143,0.0
2026-01-04,Tampere,Electronics,9009.44,108,119,0.0
2026-01-04,Tampere,Home,7433.79,105,150,0.0
2026-01-04,Tampere,Beauty,5391.22,77,102,0.05
2026-01-04,Tampere,Sports,5015.95,54,86,0.0
2026-01-04,Oulu,Electronics,6860.05,105,185,0.05
2026-01-04,Oulu,Home,6652.2,119,219,0.1
2026-01-04,Oulu,Beauty,6163.08,98,189,0.0
2026-01-04,Oulu,Sports,5237.18,46,78,0.0
2026-01-05,Helsinki,Electronics,9489.62,153,283,0.0
2026-01-05,Helsinki,Home,8755.3,129,158,0.0
2026-01-05,Helsinki,Beauty,5663.25,62,101,0.05
2026-01-05,Helsinki,Sports,6052.71,60,74,0.0
2026-01-05,Espoo,Electronics,9597.19,126,161,0.2
2026-01-05,Espoo,Home,7160.86,94,162,0.05
2026-01-05,Espoo,Beauty,5702.12,90,143,0.15
2026-01-05,Espoo,Sports,4501.36,68,99,0.2
2026-01-05,Tampere,Electronics,7808.89,108,205,0.0
2026-01-05,Tampere,Home,6958.29,72,141,0.0
2026-01-05,Tampere,Beauty,5467.33,56,84,0.1
2026-01-05,Tampere,Sports,4938.21,44,59,0.1
2026-01-05,Oulu,Electronics,6323.18,82,119,0.1
2026-01-05,Oulu,Home,5880.21,79,138,0.05
2026-01-05,Oulu,Beauty,4530.28,58,66,0.0
2026-01-05,Oulu,Sports,4110.74,43,82,0.05
2026-01-06,Helsinki,Electronics,11137.38,146,199,0.15
2026-01-06,Helsinki,Home,8052.87,93,177,0.0
2026-01-06,Helsinki,Beauty,6983.53,119,226,0.0
2026-01-06,Helsinki,Sports,7389.7,88,127,0.0
2026-01-06,Espoo,Electronics,9046.91,99,170,0.1
2026-01-06,Espoo,Home,7024.69,77,122,0.0
2026-01-06,Espoo,Beauty,6973.45,96,188,0.0
2026-01-06,Espoo,Sports,5870.54,56,96,0.0
2026-01-06,Tampere,Electronics,7705.36,108,167,0.0
2026-01-06,Tampere,Home,6530.72,73,121,0.05
2026-01-06,Tampere,Beauty,6272.12,80,149,0.1
2026-01-06,Tampere,Sports,5342.17,82,138,0.0
2026-01-06,Oulu,Electronics,8132.4,91,177,0.05
2026-01-06,Oulu,Home,5819.18,68,112,0.1
2026-01-06,Oulu,Beauty,6296.14,83,100,0.05
2026-01-06,Oulu,Sports,5527.6,73,106,0.0
2026-01-07,Helsinki,Electronics,10474.09,217,254,0.15
2026-01-07,Helsinki,Home,7299.24,75,123,0.2
2026-01-07,Helsinki,Beauty,6129.08,58,99,0.1
2026-01-07,Helsinki,Sports,5755.72,63,70,0.0
2026-01-07,Espoo,Electronics,9959.64,130,153,0.15
2026-01-07,Espoo,Home,7217.25,97,141,0.15
2026-01-07,Espoo,Beauty,6254.05,105,141,0.2
2026-01-07,Espoo,Sports,4767.19,50,81,0.1
2026-01-07,Tampere,Electronics,9590.4,131,258,0.05
2026-01-07,Tampere,Home,6849.3,64,92,0.0
2026-01-07,Tampere,Beauty,5873.49,83,117,0.05
2026-01-07,Tampere,Sports,6269.25,66,118,0.05
2026-01-07,Oulu,Electronics,9265.45,110,190,0.15
2026-01-07,Oulu,Home,6584.4,89,113,0.0
2026-01-07,Oulu,Beauty,5030.64,55,102,0.0
2026-01-07,Oulu,Sports,5520.22,73,130,0.0
2026-01-08,Helsinki,Electronics,10567.54,127,235,0.05
2026-01-08,Helsinki,Home,8247.61,97,128,0.2
2026-01-08,Helsinki,Beauty,5906.02,65,96,0.0
2026-01-08,Helsinki,Sports,7508.52,69,85,0.0
2026-01-08,Espoo,Electronics,9503.73,125,159,0.05
2026-01-08,Espoo,Home,8111.87,77,110,0.0
2026-01-08,Espoo,Beauty,6003.8,64,101,0.0
2026-01-08,Espoo,Sports,5687.75,81,161,0.0
2026-01-08,Tampere,Electronics,9157.53,174,247,0.0
2026-01-08,Tampere,Home,7428.13,97,119,0.0
2026-01-08,Tampere,Beauty,5561.97,62,75,0.0
2026-01-08,Tampere,Sports,5327.69,61,116,0.0
2026-01-08,Oulu,Electronics,9526.52,145,218,0.2
2026-01-08,Oulu,Home,6090.14,58,102,0.1
2026-01-08,Oulu,Beauty,,75,104,0.15
2026-01-08,Oulu,Sports,4626.01,50,99,0.0
2026-01-09,Helsinki,Electronics,9664.47,136,213,0.15
2026-01-09,Helsinki,Home,8770.8,126,170,0.1
2026-01-09,Helsinki,Beauty,8164.18,86,149,0.05
2026-01-09,Helsinki,Sports,6809.56,93,149,0.1
2026-01-09,Espoo,Electronics,10156.77,120,171,0.1
2026-01-09,Espoo,Home,6687.0,109,153,0.05
2026-01-09,Espoo,Beauty,5422.83,88,157,0.0
2026-01-09,Espoo,Sports,6111.85,68,133,0.15
2026-01-09,Tampere,Electronics,8296.92,88,158,0.05
2026-01-09,Tampere,Home,7706.86,107,164,0.2
2026-01-09,Tampere,Beauty,6528.55,76,145,0.05
2026-01-09,Tampere,Sports,5692.46,60,93,0.2
2026-01-09,Oulu,Electronics,8503.14,87,173,0.05
2026-01-09,Oulu,Home,7189.96,78,154,0.1
2026-01-09,Oulu,Beauty,5488.42,64,84,0.05
2026-01-09,Oulu,Sports,4391.02,41,55,0.0
2026-01-10,Helsinki,Electronics,11109.74,279,553,0.05
2026-01-10,Helsinki,Home,8262.29,70,77,0.0
2026-01-10,Helsinki,Beauty,8744.66,92,179,0.05
2026-01-10,Helsinki,Sports,,87,155,0.0
2026-01-10,Espoo,Electronics,10139.11,116,197,0.0
2026-01-10,Espoo,Home,8215.73,95,120,0.05
2026-01-10,Espoo,Beauty,7847.32,83,129,0.0
2026-01-10,Espoo,Sports,6125.33,81,105,0.0
2026-01-10,Tampere,Electronics,10145.73,112,175,0.1
2026-01-10,Tampere,Home,7055.03,84,132,0.05
2026-01-10,Tampere,Beauty,7087.37,80,94,0.05
2026-01-10,Tampere,Sports,6263.38,89,164,0.0
2026-01-10,Oulu,Electronics,7759.35,73,87,0.15
2026-01-10,Oulu,Home,6347.65,67,85,0.0
2026-01-10,Oulu,Beauty,6529.51,78,121,0.0
2026-01-10,Oulu,Sports,5367.1,61,98,0.0
2026-01-11,Helsinki,Electronics,11513.51,189,323,0.0
2026-01-11,Helsinki,Home,8379.17,118,157,0.0
2026-01-11,Helsinki,Beauty,7542.22,91,118,0.05
2026-01-11,Helsinki,Sports,7471.97,82,98,0.05
2026-01-11,Espoo,Electronics,9128.7,83,154,0.0
2026-01-11,Espoo,Home,9002.53,103,204,0.0
2026-01-11,Espoo,Beauty,6403.58,64,113,0.05
2026-01-11,Espoo,Sports,6023.75,69,132,0.0
2026-01-11,Tampere,Electronics,8720.47,93,113,0.0
2026-01-11,Tampere,Home,7832.13,93,143,0.0
2026-01-11,Tampere,Beauty,6698.08,80,120,0.1
2026-01-11,Tampere,Sports,6065.97,110,160,0.0
2026-01-11,Oulu,Electronics,8115.02,105,191,0.1
2026-01-11,Oulu,Home,7401.55,95,118,0.1
2026-01-11,Oulu,Beauty,6256.87,71,107,0.05
2026-01-11,Oulu,Sports,5117.03,43,49,0.0
2026-01-12,Helsinki,Electronics,9681.39,100,132,0.15
2026-01-12,Helsinki,Home,6804.29,90,147,0.0
2026-01-12,Helsinki,Beauty,7624.23,79,100,0.0
2026-01-12,Helsinki,Sports,5084.91,58,106,0.1
2026-01-12,Espoo,Electronics,8737.75,141,227,0.0
2026-01-12,Espoo,Home,6247.7,57,85,0.0
2026-01-12,Espoo,Beauty,5319.9,63,82,0.1
2026-01-12,Espoo,Sports,5737.41,95,126,0.2
2026-01-12,Tampere,Electronics,7639.9,124,157,0.0
2026-01-12,Tampere,Home,6562.13,50,75,0.0
2026-01-12,Tampere,Beauty,6008.47,74,105,0.1
2026-01-12,Tampere,Sports,5534.62,81,131,0.15
2026-01-12,Oulu,Electronics,7193.71,101,149,0.0
2026-01-12,Oulu,Home,6108.69,80,106,0.05
2026-01-12,Oulu,Beauty,5372.8,56,87,0.0
2026-01-12,Oulu,Sports,5755.73,84,130,0.15
2026-01-13,Helsinki,Electronics,9870.68,133,182,0.0
2026-01-13,Helsinki,Home,7188.53,101,194,0.1
2026-01-13,Helsinki,Beauty,5908.02,61,78,0.0
2026-01-13,Helsinki,Sports,5240.47,60,94,0.0
2026-01-13,Espoo,Electronics,8690.61,87,107,0.0
2026-01-13,Espoo,Home,6700.66,81,126,0.1
2026-01-13,Espoo,Beauty,5492.16,91,152,0.0
2026-01-13,Espoo,Sports,5989.57,73,94,0.0
2026-01-13,Tampere,Electronics,8561.15,86,113,0.0
2026-01-13,Tampere,Home,5759.3,75,132,0.0
2026-01-13,Tampere,Beauty,5853.57,59,70,0.1
2026-01-13,Tampere,Sports,5176.65,78,91,0.05
2026-01-13,Oulu,Electronics,7511.35,187,331,0.1
2026-01-13,Oulu,Home,5433.72,63,115,0.05
2026-01-13,Oulu,Beauty,5886.07,73,107,0.1
2026-01-13,Oulu,Sports,4647.85,53,68,0.15
2026-01-14,Helsinki,Electronics,8180.01,96,174,0.0
2026-01-14,Helsinki,Home,6627.62,124,192,0.0
2026-01-14,Helsinki,Beauty,6509.73,76,104,0.2
2026-01-14,Helsinki,Sports,5213.78,56,72,0.0
2026-01-14,Espoo,Electronics,7550.66,98,164,0.0
2026-01-14,Espoo,Home,7001.95,90,144,0.0
2026-01-14,Espoo,Beauty,5593.48,75,107,0.1
2026-01-14,Espoo,Sports,5502.7,67,131,0.1
2026-01-14,Tampere,Electronics,9048.93,170,327,0.1
2026-01-14,Tampere,Home,6657.89,90,160,0.0
2026-01-14,Tampere,Beauty,4958.74,58,64,0.15
2026-01-14,Tampere,Sports,4729.55,55,79,0.0
2026-01-14,Oulu,Electronics,6395.89,78,131,0.1
2026-01-14,Oulu,Home,5603.09,70,100,0.1
2026-01-14,Oulu,Beauty,4565.61,79,136,0.0
2026-01-14,Oulu,Sports,4195.56,80,89,0.0
2026-01-15,Helsinki,Electronics,7717.44,90,178,0.0
2026-01-15,Helsinki,Home,6591.65,82,112,0.1
2026-01-15,Helsinki,Beauty,6622.02,87,159,0.0
2026-01-15,Helsinki,Sports,5605.8,75,144,0.0
2026-01-15,Espoo,Electronics,6417.12,71,89,0.05
2026-01-15,Espoo,Home,5312.7,57,93,0.0
2026-01-15,Espoo,Beauty,4513.61,54,101,0.2
2026-01-15,Espoo,Sports,3069.69,38,68,0.0
2026-01-15,Tampere,Electronics,6934.64,92,146,0.05
2026-01-15,Tampere,Home,5020.82,59,99,0.2
2026-01-15,Tampere,Beauty,2965.78,41,58,0.1
2026-01-15,Tampere,Sports,4492.31,72,114,0.15
2026-01-15,Oulu,Electronics,5866.87,62,101,0.1
2026-01-15,Oulu,Home,3644.33,42,52,0.05
2026-01-15,Oulu,Beauty,3169.46,43,60,0.0
2026-01-15,Oulu,Sports,3372.88,41,49,0.1
2026-01-16,Helsinki,Electronics,8137.05,115,177,0.0
2026-01-16,Helsinki,Home,6882.62,57,109,0.2
2026-01-16,Helsinki,Beauty,4140.94,57,92,0.0
2026-01-16,Helsinki,Sports,4427.62,54,72,0.1
2026-01-16,Espoo,Electronics,6746.72,65,127,0.0
2026-01-16,Espoo,Home,6047.27,110,165,0.05
2026-01-16,Espoo,Beauty,5009.84,68,84,0.0
2026-01-16,Espoo,Sports,4776.4,70,79,0.2
2026-01-16,Tampere,Electronics,5434.95,76,105,0.05
2026-01-16,Tampere,Home,5572.77,81,144,0.05
2026-01-16,Tampere,Beauty,4664.28,53,65,0.0
2026-01-16,Tampere,Sports,2830.04,37,53,0.05
2026-01-16,Oulu,Electronics,5506.0,53,98,0.05
2026-01-16,Oulu,Home,4171.72,65,72,0.05
2026-01-16,Oulu,Beauty,3117.68,32,61,0.0
2026-01-16,Oulu,Sports,3638.14,52,68,0.2
2026-01-17,Helsinki,Electronics,8395.94,108,155,0.0
2026-01-17,Helsinki,Home,7208.01,69,90,0.0
2026-01-17,Helsinki,Beauty,6972.29,60,76,0.0
2026-01-17,Helsinki,Sports,4810.78,60,67,0.05
2026-01-17,Espoo,Electronics,7725.13,114,149,0.0
2026-01-17,Espoo,Home,6872.0,71,100,0.1
2026-01-17,Espoo,Beauty,6236.64,74,131,0.1
2026-01-17,Espoo,Sports,4758.65,61,67,0.0
2026-01-17,Tampere,Electronics,5642.21,79,98,0.0
2026-01-17,Tampere,Home,5621.53,56,70,0.0
2026-01-17,Tampere,Beauty,4462.97,54,84,0.1
2026-01-17,Tampere,Sports,4691.68,76,144,0.1
2026-01-17,Oulu,Electronics,5453.94,68,131,0.2
2026-01-17,Oulu,Home,4418.06,48,77,0.1
2026-01-17,Oulu,Beauty,4740.92,58,94,0.0
2026-01-17,Oulu,Sports,3705.37,54,88,0.0
2026-01-18,Helsinki,Electronics,7982.01,84,147,0.05
2026-01-18,Helsinki,Home,7134.2,93,122,0.05
2026-01-18,Helsinki,Beauty,7035.43,99,171,0.05
2026-01-18,Helsinki,Sports,4808.52,68,77,0.0
2026-01-18,Espoo,Electronics,6955.54,83,122,0.15
2026-01-18,Espoo,Home,6244.27,83,150,0.05
2026-01-18,Espoo,Beauty,4124.86,53,72,0.05
2026-01-18,Espoo,Sports,2901.13,34,61,0.0
2026-01-18,Tampere,Electronics,6347.75,79,130,0.0
2026-01-18,Tampere,Home,4790.58,66,74,0.15
2026-01-18,Tampere,Beauty,5396.6,70,107,0.2
2026-01-18,Tampere,Sports,4343.49,66,87,0.1
2026-01-18,Oulu,Electronics,5667.66,100,127,0.0
2026-01-18,Oulu,Home,4838.03,56,101,0.2
2026-01-18,Oulu,Beauty,3868.13,69,134,0.0
2026-01-18,Oulu,Sports,3925.01,48,60,0.0
2026-01-19,Helsinki,Electronics,7028.41,89,166,0.0
2026-01-19,Helsinki,Home,5170.49,74,104,0.15
2026-01-19,Helsinki,Beauty,5151.1,73,81,0.15
2026-01-19,Helsinki,Sports,4343.47,44,81,0.1
2026-01-19,Espoo,Electronics,5638.55,60,118,0.05
2026-01-19,Espoo,Home,4196.84,38,75,0.0
2026-01-19,Espoo,Beauty,3277.28,35,59,0.0
2026-01-19,Espoo,Sports,4352.71,68,99,0.1
2026-01-19,Tampere,Electronics,4276.47,50,86,0.0
2026-01-19,Tampere,Home,4239.84,107,154,0.0
2026-01-19,Tampere,Beauty,3751.34,58,103,0.0
2026-01-19,Tampere,Sports,2550.69,30,50,0.0
2026-01-19,Oulu,Electronics,4784.12,76,115,0.0
2026-01-19,Oulu,Home,3821.13,53,72,0.05
2026-01-19,Oulu,Beauty,2264.78,29,42,0.15
2026-01-19,Oulu,Sports,1984.75,23,45,0.05
2026-01-20,Helsinki,Electronics,30693.3,87,107,0.15
2026-01-20,Helsinki,Home,5092.11,118,219,0.05
2026-01-20,Helsinki,Beauty,4846.19,73,120,0.0
2026-01-20,Helsinki,Sports,3773.8,49,56,0.05
2026-01-20,Espoo,Electronics,5185.85,50,85,0.0
2026-01-20,Espoo,Home,4484.49,53,105,0.0
2026-01-20,Espoo,Beauty,4385.35,47,79,0.1
2026-01-20,Espoo,Sports,3098.14,29,53,0.15
2026-01-20,Tampere,Electronics,4519.59,67,117,0.1
2026-01-20,Tampere,Home,3801.61,47,80,0.05
2026-01-20,Tampere,Beauty,3375.68,55,98,0.0
2026-01-20,Tampere,Sports,3029.38,43,77,0.1
2026-01-20,Oulu,Electronics,3557.91,42,54,0.0
2026-01-20,Oulu,Home,2887.4,48,95,0.1
2026-01-20,Oulu,Beauty,3031.13,38,61,0.0
2026-01-20,Oulu,Sports,2701.65,39,49,0.0
2026-01-21,Helsinki,Electronics,6908.31,126,244,0.0
2026-01-21,Helsinki,Home,4879.1,53,73,0.0
2026-01-21,Helsinki,Beauty,3741.02,71,103,0.15
2026-01-21,Helsinki,Sports,3264.62,47,91,0.1
2026-01-21,Espoo,Electronics,5011.86,68,113,0.0
2026-01-21,Espoo,Home,3462.83,48,56,0.05
2026-01-21,Espoo,Beauty,3647.77,53,81,0.05
2026-01-21,Espoo,Sports,3749.55,57,84,0.0
2026-01-21,Tampere,Electronics,4102.76,56,108,0.0
2026-01-21,Tampere,Home,4819.68,44,78,0.05
2026-01-21,Tampere,Beauty,4314.15,63,87,0.0
2026-01-21,Tampere,Sports,4228.62,56,102,0.0
2026-01-21,Oulu,Electronics,3253.4,43,81,0.2
2026-01-21,Oulu,Home,,40,61,0.05
2026-01-21,Oulu,Beauty,3041.2,54,78,0.15
2026-01-21,Oulu,Sports,2574.79,31,46,0.0
2026-01-22,Helsinki,Electronics,4883.98,60,118,0.15
2026-01-22,Helsinki,Home,5480.09,74,147,0.15
2026-01-22,Helsinki,Beauty,4014.07,84,110,0.0
2026-01-22,Helsinki,Sports,3495.03,40,59,0.15
2026-01-22,Espoo,Electronics,4724.0,88,119,0.15
2026-01-22,Espoo,Home,2537.99,31,54,0.0
2026-01-22,Espoo,Beauty,3555.22,45,85,0.0
2026-01-22,Espoo,Sports,4095.08,55,77,0.0
2026-01-22,Tampere,Electronics,4007.49,62,109,0.15
2026-01-22,Tampere,Home,2915.78,54,94,0.1
2026-01-22,Tampere,Beauty,3505.54,38,59,0.1
2026-01-22,Tampere,Sports,3774.27,49,74,0.0
2026-01-22,Oulu,Electronics,2867.53,33,52,0.1
2026-01-22,Oulu,Home,3286.71,29,57,0.0
2026-01-22,Oulu,Beauty,3541.34,44,87,0.0
2026-01-22,Oulu,Sports,1795.68,16,30,0.2
2026-01-23,Helsinki,Electronics,4823.84,93,149,0.0
2026-01-23,Helsinki,Home,3531.24,46,85,0.0
2026-01-23,Helsinki,Beauty,3077.8,38,42,0.0
2026-01-23,Helsinki,Sports,3815.02,38,68,0.0
2026-01-23,Espoo,Electronics,4252.26,44,61,0.15
2026-01-23,Espoo,Home,4004.62,70,83,0.05
2026-01-23,Espoo,Beauty,2990.38,31,48,0.1
2026-01-23,Espoo,Sports,2911.76,39,55,0.15
2026-01-23,Tampere,Electronics,4535.44,44,57,0.15
2026-01-23,Tampere,Home,3736.28,54,72,0.15
2026-01-23,Tampere,Beauty,1772.61,18,29,0.05
2026-01-23,Tampere,Sports,2460.49,85,149,0.0
2026-01-23,Oulu,Electronics,2715.9,27,46,0.0
2026-01-23,Oulu,Home,2668.75,32,56,0.0
2026-01-23,Oulu,Beauty,1386.41,17,19,0.1
2026-01-23,Oulu,Sports,1296.35,18,29,0.0
2026-01-24,Helsinki,Electronics,7132.89,84,107,0.15
2026-01-24,Helsinki,Home,5588.45,112,216,0.05
2026-01-24,Helsinki,Beauty,4598.89,51,58,0.15
2026-01-24,Helsinki,Sports,3615.6,45,51,0.15
2026-01-24,Espoo,Electronics,5282.73,61,103,0.05
2026-01-24,Espoo,Home,2545.39,44,68,0.0
2026-01-24,Espoo,Beauty,3802.16,55,80,0.0
2026-01-24,Espoo,Sports,3392.14,33,53,0.05
2026-01-24,Tampere,Electronics,5550.06,74,132,0.1
2026-01-24,Tampere,Home,3413.18,62,88,0.1
2026-01-24,Tampere,Beauty,4432.53,49,78,0.0
2026-01-24,Tampere,Sports,4015.45,40,78,0.0
2026-01-24,Oulu,Electronics,4176.96,55,60,0.0
2026-01-24,Oulu,Home,4554.23,48,63,0.0
2026-01-24,Oulu,Beauty,4265.82,50,99,0.0
2026-01-24,Oulu,Sports,3873.9,60,108,0.0
2026-01-25,Helsinki,Electronics,6307.29,86,113,0.05
2026-01-25,Helsinki,Home,5503.65,63,70,0.1
2026-01-25,Helsinki,Beauty,4653.95,75,119,0.1
2026-01-25,Helsinki,Sports,3839.8,54,79,0.0
2026-01-25,Espoo,Electronics,4114.09,62,117,0.1
2026-01-25,Espoo,Home,4478.49,47,52,0.0
2026-01-25,Espoo,Beauty,4519.84,73,119,0.0
2026-01-25,Espoo,Sports,4324.13,45,66,0.0
2026-01-25,Tampere,Electronics,6136.83,82,126,0.15
2026-01-25,Tampere,Home,3236.82,32,57,0.05
2026-01-25,Tampere,Beauty,4198.27,65,123,0.05
2026-01-25,Tampere,Sports,3127.01,38,43,0.0
2026-01-25,Oulu,Electronics,4663.91,76,144,0.2
2026-01-25,Oulu,Home,3193.66,38,56,0.15
2026-01-25,Oulu,Beauty,2737.33,31,54,0.0
2026-01-25,Oulu,Sports,3284.45,42,74,0.1
2026-01-26,Helsinki,Electronics,5170.3,59,69,0.0
2026-01-26,Helsinki,Home,4972.92,51,59,0.0
2026-01-26,Helsinki,Beauty,3549.11,46,55,0.05
2026-01-26,Helsinki,Sports,3802.84,43,64,0.1
2026-01-26,Espoo,Electronics,6243.78,65,113,0.1
2026-01-26,Espoo,Home,4163.21,58,68,0.0
2026-01-26,Espoo,Beauty,3631.19,44,49,0.0
2026-01-26,Espoo,Sports,3497.92,33,52,0.1
2026-01-26,Tampere,Electronics,5074.68,72,111,0.0
2026-01-26,Tampere,Home,3860.9,38,59,0.05
2026-01-26,Tampere,Beauty,4188.94,43,81,0.05
2026-01-26,Tampere,Sports,3351.41,32,46,0.05
2026-01-26,Oulu,Electronics,3600.99,38,49,0.0
2026-01-26,Oulu,Home,3684.38,50,64,0.1
2026-01-26,Oulu,Beauty,3189.46,45,78,0.0
2026-01-26,Oulu,Sports,1760.5,29,46,0.15
2026-01-27,Helsinki,Electronics,4814.28,48,69,0.0
2026-01-27,Helsinki,Home,5071.66,45,85,0.05
2026-01-27,Helsinki,Beauty,4468.5,50,78,0.0
2026-01-27,Helsinki,Sports,3770.71,57,105,0.05
2026-01-27,Espoo,Electronics,5537.24,72,133,0.0
2026-01-27,Espoo,Home,4783.44,74,139,0.1
2026-01-27,Espoo,Beauty,3788.88,49,56,0.1
2026-01-27,Espoo,Sports,3394.97,36,58,0.0
2026-01-27,Tampere,Electronics,4978.32,59,84,0.0
2026-01-27,Tampere,Home,3497.58,38,68,0.1
2026-01-27,Tampere,Beauty,3522.71,69,98,0.0
2026-01-27,Tampere,Sports,3427.08,58,104,0.0
2026-01-27,Oulu,Electronics,3351.69,43,66,0.05
2026-01-27,Oulu,Home,4433.97,52,67,0.15
2026-01-27,Oulu,Beauty,2401.71,27,40,0.0
2026-01-27,Oulu,Sports,1211.35,14,25,0.0
2026-01-28,Helsinki,Electronics,6663.3,89,130,0.2
2026-01-28,Helsinki,Home,4654.24,57,102,0.2
2026-01-28,Helsinki,Beauty,4459.13,64,98,0.1
2026-01-28,Helsinki,Sports,4856.95,47,88,0.1
2026-01-28,Espoo,Electronics,5818.19,61,110,0.1
2026-01-28,Espoo,Home,4573.79,62,76,0.0
2026-01-28,Espoo,Beauty,4105.41,41,56,0.0
2026-01-28,Espoo,Sports,3011.34,38,54,0.15
2026-01-28,Tampere,Electronics,5137.29,112,218,0.0
2026-01-28,Tampere,Home,3664.73,65,94,0.2
2026-01-28,Tampere,Beauty,4785.97,67,77,0.0
2026-01-28,Tampere,Sports,3392.23,64,106,0.1
2026-01-28,Oulu,Electronics,3864.5,51,90,0.15
2026-01-28,Oulu,Home,3076.92,39,47,0.1
2026-01-28,Oulu,Beauty,,38,48,0.0
2026-01-28,Oulu,Sports,2186.77,25,38,0.15
2026-01-29,Helsinki,Electronics,4612.6,79,139,0.05
2026-01-29,Helsinki,Home,6330.6,82,100,0.0
2026-01-29,Helsinki,Beauty,5992.93,71,79,0.0
2026-01-29,Helsinki,Sports,3836.89,40,56,0.05
2026-01-29,Espoo,Electronics,5416.98,-5,71,0.0
2026-01-29,Espoo,Home,5302.31,85,163,0.05
2026-01-29,Espoo,Beauty,4389.3,67,79,0.0
2026-01-29,Espoo,Sports,3683.93,40,49,0.1
2026-01-29,Tampere,Electronics,6783.15,81,121,0.0
2026-01-29,Tampere,Home,2550.22,36,59,0.05
2026-01-29,Tampere,Beauty,3944.7,45,87,0.0
2026-01-29,Tampere,Sports,3982.27,47,84,0.0
2026-01-29,Oulu,Electronics,4694.19,45,61,0.1
2026-01-29,Oulu,Home,3308.6,44,82,0.0
2026-01-29,Oulu,Beauty,3108.89,45,74,0.05
2026-01-29,Oulu,Sports,2993.98,46,58,0.0
2026-01-30,Helsinki,Electronics,6949.91,104,195,0.1
2026-01-30,Helsinki,Home,6331.79,94,122,0.0
2026-01-30,Helsinki,Beauty,5516.09,50,60,0.1
2026-01-30,Helsinki,Sports,6578.71,77,141,0.0
2026-01-30,Espoo,Electronics,5977.43,79,110,0.1
2026-01-30,Espoo,Home,4276.58,46,61,0.1
2026-01-30,Espoo,Beauty,4394.23,45,49,0.15
2026-01-30,Espoo,Sports,4373.6,46,52,0.0
2026-01-30,Tampere,Electronics,5535.02,72,105,0.05
2026-01-30,Tampere,Home,3591.22,44,58,0.1
2026-01-30,Tampere,Beauty,4275.03,65,104,0.0
2026-01-30,Tampere,Sports,3867.0,52,82,0.0
2026-01-30,Oulu,Electronics,4930.8,63,70,0.0
2026-01-30,Oulu,Home,4428.72,51,82,0.05
2026-01-30,Oulu,Beauty,3628.93,57,75,0.1
2026-01-30,Oulu,Sports,4325.99,73,130,0.0
2026-01-31,Helsinki,Electronics,8870.37,97,130,0.15
2026-01-31,Helsinki,Home,7821.51,115,194,0.05
2026-01-31,Helsinki,Beauty,6384.74,74,127,0.0
2026-01-31,Helsinki,Sports,5392.97,77,90,0.0
2026-01-31,Espoo,Electronics,7387.45,110,215,0.0
2026-01-31,Espoo,Home,5545.26,72,106,0.0
2026-01-31,Espoo,Beauty,5157.03,76,120,0.0
2026-01-31,Espoo,Sports,4748.13,59,111,0.0
2026-01-31,Tampere,Electronics,7611.45,86,119,0.1
2026-01-31,Tampere,Home,6867.34,82,149,0.0
2026-01-31,Tampere,Beauty,4738.06,44,49,0.0
2026-01-31,Tampere,Sports,5175.73,88,125,0.0
2026-01-31,Oulu,Electronics,5929.08,68,120,0.1
2026-01-31,Oulu,Home,5639.86,84,144,0.1
2026-01-31,Oulu,Beauty,3583.15,49,58,0.0
2026-01-31,Oulu,Sports,5131.91,59,72,0.05
2026-02-01,Helsinki,Electronics,10032.93,150,297,0.15
2026-02-01,Helsinki,Home,9116.22,136,262,0.15
2026-02-01,Helsinki,Beauty,7458.41,129,232,0.0
2026-02-01,Helsinki,Sports,7893.19,103,127,0.0
2026-02-01,Espoo,Electronics,10983.83,160,309,0.0
2026-02-01,Espoo,Home,8919.19,147,250,0.1
2026-02-01,Espoo,Beauty,8698.39,106,132,0.05
2026-02-01,Espoo,Sports,7793.22,78,153,0.1
2026-02-01,Tampere,Electronics,7931.57,75,129,0.0
2026-02-01,Tampere,Home,7857.1,101,147,0.15
2026-02-01,Tampere,Beauty,8862.28,110,129,0.0
2026-02-01,Tampere,Sports,7694.04,108,140,0.0
2026-02-01,Oulu,Electronics,9074.12,87,108,0.05
2026-02-01,Oulu,Home,7273.6,121,190,0.2
2026-02-01,Oulu,Beauty,6434.47,86,146,0.15
2026-02-01,Oulu,Sports,6387.89,70,133,0.0
2026-02-02,Helsinki,Electronics,11100.77,154,268,0.05
2026-02-02,Helsinki,Home,8359.85,88,171,0.0
2026-02-02,Helsinki,Beauty,8413.9,100,155,0.0
2026-02-02,Helsinki,Sports,7991.25,92,149,0.0
2026-02-02,Espoo,Electronics,10591.02,113,152,0.05
2026-02-02,Espoo,Home,8593.33,95,135,0.1
2026-02-02,Espoo,Beauty,7298.2,101,134,0.05
2026-02-02,Espoo,Sports,6632.65,90,160,0.0
2026-02-02,Tampere,Electronics,8811.6,120,169,0.1
2026-02-02,Tampere,Home,8554.11,98,177,0.2
2026-02-02,Tampere,Beauty,6684.28,96,112,0.1
2026-02-02,Tampere,Sports,6670.59,93,117,0.1
2026-02-02,Oulu,Electronics,7979.02,103,199,0.0
2026-02-02,Oulu,Home,6275.49,83,106,0.05
2026-02-02,Oulu,Beauty,5334.02,54,105,0.2
2026-02-02,Oulu,Sports,5899.44,75,131,0.0
2026-02-03,Helsinki,Electronics,11453.65,214,266,0.1
2026-02-03,Helsinki,Home,9969.16,128,211,0.1
2026-02-03,Helsinki,Beauty,8507.92,84,129,0.05
2026-02-03,Helsinki,Sports,8814.72,103,130,0.05
2026-02-03,Espoo,Electronics,9879.86,98,118,0.15
2026-02-03,Espoo,Home,8959.44,124,202,0.05
2026-02-03,Espoo,Beauty,8514.25,129,234,0.05
2026-02-03,Espoo,Sports,6201.05,109,194,0.0
2026-02-03,Tampere,Electronics,10108.58,116,204,0.15
2026-02-03,Tampere,Home,9220.34,69,76,0.0
2026-02-03,Tampere,Beauty,7992.43,80,141,0.0
2026-02-03,Tampere,Sports,7250.74,87,106,0.0
2026-02-03,Oulu,Electronics,8689.55,132,218,0.0
2026-02-03,Oulu,Home,8025.95,84,109,0.05
2026-02-03,Oulu,Beauty,7111.46,106,159,0.0
2026-02-03,Oulu,Sports,6763.68,82,99,0.15
2026-02-04,Helsinki,Electronics,11874.38,156,289,0.05
2026-02-04,Helsinki,Home,11228.22,115,221,0.0
2026-02-04,Helsinki,Beauty,9448.4,99,168,0.1
2026-02-04,Helsinki,Sports,8431.06,110,182,0.0
2026-02-04,Espoo,Electronics,11097.3,164,183,0.05
2026-02-04,Espoo,Home,8689.06,81,133,0.05
2026-02-04,Espoo,Beauty,8022.77,115,190,0.05
2026-02-04,Espoo,Sports,7434.32,84,132,0.0
2026-02-04,Tampere,Electronics,9258.54,118,176,0.1
2026-02-04,Tampere,Home,9012.78,117,213,0.0
2026-02-04,Tampere,Beauty,8452.41,103,199,0.0
2026-02-04,Tampere,Sports,7202.85,109,170,0.0
2026-02-04,Oulu,Electronics,9098.56,108,186,0.1
2026-02-04,Oulu,Home,7262.16,86,108,0.15
2026-02-04,Oulu,Beauty,5678.35,83,160,0.0
2026-02-04,Oulu,Sports,6471.64,109,167,0.1
2026-02-05,Helsinki,Electronics,11824.11,134,200,0.15
2026-02-05,Helsinki,Home,9696.03,136,200,0.15
2026-02-05,Helsinki,Beauty,9374.34,183,237,0.0
2026-02-05,Helsinki,Sports,8062.74,159,282,0.0
2026-02-05,Espoo,Electronics,11217.12,156,208,0.0
2026-02-05,Espoo,Home,9375.18,138,258,0.0
2026-02-05,Espoo,Beauty,8942.64,100,148,0.0
2026-02-05,Espoo,Sports,8496.98,137,210,0.15
2026-02-05,Tampere,Electronics,11082.82,151,290,0.15
2026-02-05,Tampere,Home,8044.64,125,185,0.1
2026-02-05,Tampere,Beauty,,78,118,0.0
2026-02-05,Tampere,Sports,7633.09,91,128,0.2
2026-02-05,Oulu,Electronics,7936.97,95,107,0.0
2026-02-05,Oulu,Home,8402.83,92,178,0.0
2026-02-05,Oulu,Beauty,7497.68,73,142,0.1
2026-02-05,Oulu,Sports,8301.6,99,194,0.0
2026-02-06,Helsinki,Electronics,12116.8,202,277,0.05
2026-02-06,Helsinki,Home,11349.96,120,133,0.15
2026-02-06,Helsinki,Beauty,8868.17,99,133,0.0
2026-02-06,Helsinki,Sports,9009.96,140,176,0.15
2026-02-06,Espoo,Electronics,12266.58,145,278,0.15
2026-02-06,Espoo,Home,10440.56,113,150,0.0
2026-02-06,Espoo,Beauty,7122.39,89,136,0.0
2026-02-06,Espoo,Sports,6313.32,90,115,0.1
2026-02-06,Tampere,Electronics,10340.4,142,185,0.05
2026-02-06,Tampere,Home,9057.98,116,159,0.0
2026-02-06,Tampere,Beauty,8917.01,99,120,0.1
2026-02-06,Tampere,Sports,7334.15,123,184,0.0
2026-02-06,Oulu,Electronics,9374.18,155,170,0.0
2026-02-06,Oulu,Home,7472.82,88,118,0.0
2026-02-06,Oulu,Beauty,8842.79,167,203,0.05
2026-02-06,Oulu,Sports,7456.06,93,139,0.15
2026-02-07,Helsinki,Electronics,12827.93,127,146,0.0
2026-02-07,Helsinki,Home,11108.09,163,289,0.05
2026-02-07,Helsinki,Beauty,11122.26,133,243,0.1
2026-02-07,Helsinki,Sports,9033.21,89,121,0.05
2026-02-07,Espoo,Electronics,12626.95,193,372,0.1
2026-02-07,Espoo,Home,10163.27,122,172,0.05
2026-02-07,Espoo,Beauty,8209.39,106,205,0.0
2026-02-07,Espoo,Sports,8657.29,78,153,0.0
2026-02-07,Tampere,Electronics,12323.75,142,255,0.0
2026-02-07,Tampere,Home,9876.73,198,292,0.0
2026-02-07,Tampere,Beauty,9192.41,127,248,0.05
2026-02-07,Tampere,Sports,8029.74,111,216,0.15
2026-02-07,Oulu,Electronics,10111.5,104,164,0.0
2026-02-07,Oulu,Home,9718.25,201,367,0.0
2026-02-07,Oulu,Beauty,7869.28,112,208,0.05
2026-02-07,Oulu,Sports,8349.94,122,176,0.0
2026-02-08,Helsinki,Electronics,13647.16,297,524,0.0
2026-02-08,Helsinki,Home,10533.14,143,175,0.0
2026-02-08,Helsinki,Beauty,10184.65,113,174,0.0
2026-02-08,Helsinki,Sports,9515.32,119,190,0.0
2026-02-08,Espoo,Electronics,11783.74,153,267,0.0
2026-02-08,Espoo,Home,9920.05,92,157,0.05
2026-02-08,Espoo,Beauty,9136.6,123,179,0.1
2026-02-08,Espoo,Sports,9211.95,96,118,0.0
2026-02-08,Tampere,Electronics,11629.0,124,229,0.05
2026-02-08,Tampere,Home,9885.82,138,201,0.0
2026-02-08,Tampere,Beauty,8806.63,114,215,0.1
2026-02-08,Tampere,Sports,8001.31,118,220,0.0
2026-02-08,Oulu,Electronics,10646.89,152,265,0.1
2026-02-08,Oulu,Home,9150.27,122,181,0.0
2026-02-08,Oulu,Beauty,8553.52,86,94,0.1
2026-02-08,Oulu,Sports,9275.26,102,181,0.0
2026-02-09,Helsinki,Electronics,11352.33,146,223,0.0
2026-02-09,Helsinki,Home,11149.11,100,195,0.1
2026-02-09,Helsinki,Beauty,8098.76,117,195,0.1
2026-02-09,Helsinki,Sports,9019.58,105,157,0.1
2026-02-09,Espoo,Electronics,11092.09,91,151,0.0
2026-02-09,Espoo,Home,9136.11,90,161,0.2
2026-02-09,Espoo,Beauty,8290.28,112,210,0.0
2026-02-09,Espoo,Sports,7196.87,127,148,0.0
2026-02-09,Tampere,Electronics,11021.06,150,248,0.0
2026-02-09,Tampere,Home,9239.54,98,134,0.05
2026-02-09,Tampere,Beauty,8075.36,102,197,0.0
2026-02-09,Tampere,Sports,7351.92,77,140,0.0
2026-02-09,Oulu,Electronics,9021.68,208,332,0.05
2026-02-09,Oulu,Home,8080.54,105,121,0.1
2026-02-09,Oulu,Beauty,7674.6,95,153,0.05
2026-02-09,Oulu,Sports,7185.49,80,102,0.05
2026-02-10,Helsinki,Electronics,12740.98,183,290,0.15
2026-02-10,Helsinki,Home,10563.51,105,129,0.2
2026-02-10,Helsinki,Beauty,9335.35,130,243,0.0
2026-02-10,Helsinki,Sports,8002.13,109,134,0.15
2026-02-10,Espoo,Electronics,10848.8,147,183,0.1
2026-02-10,Espoo,Home,9197.33,135,218,0.0
2026-02-10,Espoo,Beauty,8877.85,124,207,0.15
2026-02-10,Espoo,Sports,6890.3,71,109,0.0
2026-02-10,Tampere,Electronics,10852.96,173,253,0.1
2026-02-10,Tampere,Home,9537.25,124,243,0.15
2026-02-10,Tampere,Beauty,8338.53,106,166,0.05
2026-02-10,Tampere,Sports,8011.37,88,103,0.0
2026-02-10,Oulu,Electronics,9596.22,126,235,0.05
2026-02-10,Oulu,Home,8617.37,98,189,0.0
2026-02-10,Oulu,Beauty,6663.38,83,124,0.0
2026-02-10,Oulu,Sports,6727.44,114,195,0.0
2026-02-11,Helsinki,Electronics,10325.71,107,180,0.1
2026-02-11,Helsinki,Home,8548.22,101,143,0.05
2026-02-11,Helsinki,Beauty,,72,114,0.15
2026-02-11,Helsinki,Sports,6175.38,66,80,0.05
2026-02-11,Espoo,Electronics,9678.42,129,169,0.05
2026-02-11,Espoo,Home,5530.52,63,94,0.05
2026-02-11,Espoo,Beauty,5999.46,67,132,0.15
2026-02-11,Espoo,Sports,5883.15,72,85,0.05
2026-02-11,Tampere,Electronics,9088.86,95,136,0.05
2026-02-11,Tampere,Home,7868.29,99,168,0.05
2026-02-11,Tampere,Beauty,6828.87,86,146,0.1
2026-02-11,Tampere,Sports,5066.43,61,89,0.0
2026-02-11,Oulu,Electronics,7574.59,74,129,0.0
2026-02-11,Oulu,Home,6164.1,57,64,0.1
2026-02-11,Oulu,Beauty,5142.45,41,56,0.15
2026-02-11,Oulu,Sports,5080.02,96,113,0.0
2026-02-12,Helsinki,Electronics,9804.27,129,174,0.15
2026-02-12,Helsinki,Home,5913.4,143,186,0.0
2026-02-12,Helsinki,Beauty,7305.77,114,161,0.15
2026-02-12,Helsinki,Sports,,87,105,0.05
2026-02-12,Espoo,Electronics,8717.5,96,186,0.0
2026-02-12,Espoo,Home,6152.31,80,103,0.15
2026-02-12,Espoo,Beauty,6811.64,75,95,0.0
2026-02-12,Espoo,Sports,5457.47,78,97,0.0
2026-02-12,Tampere,Electronics,8430.56,101,191,0.05
2026-02-12,Tampere,Home,4913.63,60,115,0.0
2026-02-12,Tampere,Beauty,5983.85,68,98,0.05
2026-02-12,Tampere,Sports,4454.74,45,64,0.1
2026-02-12,Oulu,Electronics,7728.73,82,118,0.0
2026-02-12,Oulu,Home,5916.78,74,118,0.1
2026-02-12,Oulu,Beauty,5633.53,80,153,0.15
2026-02-12,Oulu,Sports,3814.31,53,86,0.05
2026-02-13,Helsinki,Electronics,8633.55,110,173,0.0
2026-02-13,Helsinki,Home,6545.68,69,97,0.05
2026-02-13,Helsinki,Beauty,5900.11,64,93,0.1
2026-02-13,Helsinki,Sports,5188.26,60,84,0.1
2026-02-13,Espoo,Electronics,7553.22,77,90,0.1
2026-02-13,Espoo,Home,6654.88,98,178,0.0
2026-02-13,Espoo,Beauty,5754.11,65,106,0.15
2026-02-13,Espoo,Sports,5228.73,95,172,0.1
2026-02-13,Tampere,Electronics,7652.62,95,185,0.0
2026-02-13,Tampere,Home,6182.06,65,82,0.0
2026-02-13,Tampere,Beauty,5980.38,80,152,0.0
2026-02-13,Tampere,Sports,4755.19,60,67,0.0
2026-02-13,Oulu,Electronics,5860.01,58,97,0.0
2026-02-13,Oulu,Home,4560.7,65,121,0.0
2026-02-13,Oulu,Beauty,4913.25,67,113,0.0
2026-02-13,Oulu,Sports,4403.17,51,59,0.0
2026-02-14,Helsinki,Electronics,11255.95,133,213,0.15
2026-02-14,Helsinki,Home,8217.16,89,99,0.05
2026-02-14,Helsinki,Beauty,6273.91,93,107,0.05
2026-02-14,Helsinki,Sports,7897.19,88,104,0.05
2026-02-14,Espoo,Electronics,10013.82,117,160,0.05
2026-02-14,Espoo,Home,7491.37,81,93,0.15
2026-02-14,Espoo,Beauty,7409.36,140,227,0.0
2026-02-14,Espoo,Sports,7513.76,87,105,0.1
2026-02-14,Tampere,Electronics,8089.92,114,163,0.05
2026-02-14,Tampere,Home,8451.47,147,230,0.0
2026-02-14,Tampere,Beauty,6679.32,87,137,0.0
2026-02-14,Tampere,Sports,7328.07,127,148,0.0
2026-02-14,Oulu,Electronics,8598.32,100,145,0.05
2026-02-14,Oulu,Home,7730.63,124,147,0.0
2026-02-14,Oulu,Beauty,5933.84,89,170,0.15
2026-02-14,Oulu,Sports,5756.15,70,96,0.15
2026-02-15,Helsinki,Electronics,9266.35,113,156,0.05
2026-02-15,Helsinki,Home,7274.33,92,181,0.05
2026-02-15,Helsinki,Beauty,6915.84,84,110,0.15
2026-02-15,Helsinki,Sports,5770.5,82,141,0.1
2026-02-15,Espoo,Electronics,8492.61,117,193,0.05
2026-02-15,Espoo,Home,7035.73,122,243,0.1
2026-02-15,Espoo,Beauty,6153.48,72,140,0.0
2026-02-15,Espoo,Sports,5014.74,66,90,0.0
2026-02-15,Tampere,Electronics,6614.49,106,130,0.0
2026-02-15,Tampere,Home,6380.52,67,78,0.0
2026-02-15,Tampere,Beauty,5731.39,73,111,0.05
2026-02-15,Tampere,Sports,3402.72,54,101,0.1
2026-02-15,Oulu,Electronics,5880.31,73,137,0.0
2026-02-15,Oulu,Home,6519.07,143,228,0.05
2026-02-15,Oulu,Beauty,4517.08,52,102,0.0
2026-02-15,Oulu,Sports,4702.21,51,86,0.0
2026-02-16,Helsinki,Electronics,7068.83,94,127,0.15
2026-02-16,Helsinki,Home,6231.85,73,90,0.05
2026-02-16,Helsinki,Beauty,5623.23,68,102,0.05
2026-02-16,Helsinki,Sports,5508.25,75,142,0.15
2026-02-16,Espoo,Electronics,6216.55,58,111,0.0
2026-02-16,Espoo,Home,5288.64,79,92,0.0
2026-02-16,Espoo,Beauty,4455.63,41,45,0.0
2026-02-16,Espoo,Sports,4502.73,83,131,0.1
2026-02-16,Tampere,Electronics,6457.0,62,104,0.0
2026-02-16,Tampere,Home,4697.32,62,104,0.0
2026-02-16,Tampere,Beauty,5009.85,54,99,0.05
2026-02-16,Tampere,Sports,2383.68,29,53,0.15
2026-02-16,Oulu,Electronics,5875.21,71,107,0.1
2026-02-16,Oulu,Home,4535.33,55,105,0.0
2026-02-16,Oulu,Beauty,4025.17,60,87,0.15
2026-02-16,Oulu,Sports,3427.25,85,116,0.05
2026-02-17,Helsinki,Electronics,7742.38,113,154,0.2
2026-02-17,Helsinki,Home,5538.69,71,141,0.2
2026-02-17,Helsinki,Beauty,4282.7,53,79,0.0
2026-02-17,Helsinki,Sports,5253.45,52,78,0.1
2026-02-17,Espoo,Electronics,5465.14,62,90,0.1
2026-02-17,Espoo,Home,5866.79,75,147,0.2
2026-02-17,Espoo,Beauty,2714.35,33,53,0.1
2026-02-17,Espoo,Sports,4758.97,55,82,0.05
2026-02-17,Tampere,Electronics,4849.04,65,85,0.2
2026-02-17,Tampere,Home,3906.94,57,99,0.05
2026-02-17,Tampere,Beauty,2971.59,46,57,0.0
2026-02-17,Tampere,Sports,3682.84,47,73,0.05
2026-02-17,Oulu,Electronics,5070.43,59,93,0.0
2026-02-17,Oulu,Home,3081.39,35,56,0.2
2026-02-17,Oulu,Beauty,3746.67,52,75,0.05
2026-02-17,Oulu,Sports,3687.5,47,73,0.05
2026-02-18,Helsinki,Electronics,5138.95,49,64,0.0
2026-02-18,Helsinki,Home,5383.51,54,81,0.1
2026-02-18,Helsinki,Beauty,4925.71,59,77,0.0
2026-02-18,Helsinki,Sports,4270.65,53,76,0.05
2026-02-18,Espoo,Electronics,5888.21,68,127,0.15
2026-02-18,Espoo,Home,5468.8,73,121,0.0
2026-02-18,Espoo,Beauty,3697.47,52,67,0.0
2026-02-18,Espoo,Sports,3059.25,43,56,0.0
2026-02-18,Tampere,Electronics,4149.98,44,53,0.15
2026-02-18,Tampere,Home,4345.6,54,91,0.0
2026-02-18,Tampere,Beauty,3544.47,45,76,0.0
2026-02-18,Tampere,Sports,3467.63,44,59,0.1
2026-02-18,Oulu,Electronics,3662.71,44,85,0.0
2026-02-18,Oulu,Home,4026.19,40,57,0.15
2026-02-18,Oulu,Beauty,2990.0,40,77,0.0
2026-02-18,Oulu,Sports,3626.95,47,62,0.0
2026-02-19,Helsinki,Electronics,6690.76,100,156,0.0
2026-02-19,Helsinki,Home,5248.45,57,69,0.2
2026-02-19,Helsinki,Beauty,5088.18,58,93,0.2
2026-02-19,Helsinki,Sports,3545.21,73,115,0.0
2026-02-19,Espoo,Electronics,5638.58,70,124,0.0
2026-02-19,Espoo,Home,4179.67,52,65,0.0
2026-02-19,Espoo,Beauty,3081.76,35,56,0.05
2026-02-19,Espoo,Sports,3312.29,38,74,0.0
2026-02-19,Tampere,Electronics,4845.53,51,85,0.0
2026-02-19,Tampere,Home,3700.19,56,84,0.05
2026-02-19,Tampere,Beauty,3361.18,48,91,0.15
2026-02-19,Tampere,Sports,3888.02,97,184,0.2
2026-02-19,Oulu,Electronics,3869.88,68,109,0.05
2026-02-19,Oulu,Home,3629.19,52,84,0.05
2026-02-19,Oulu,Beauty,2943.65,39,56,0.05
2026-02-19,Oulu,Sports,2395.19,30,56,0.05
2026-02-20,Helsinki,Electronics,5860.83,92,117,0.15
2026-02-20,Helsinki,Home,3936.85,50,92,0.1
2026-02-20,Helsinki,Beauty,4698.48,78,99,0.1
2026-02-20,Helsinki,Sports,4772.5,63,74,0.0
2026-02-20,Espoo,Electronics,5503.08,70,83,0.2
2026-02-20,Espoo,Home,5798.99,59,91,0.0
2026-02-20,Espoo,Beauty,4263.38,46,78,0.15
2026-02-20,Espoo,Sports,2298.65,39,52,0.1
2026-02-20,Tampere,Electronics,4336.68,48,71,0.0
2026-02-20,Tampere,Home,3941.38,55,101,0.0
2026-02-20,Tampere,Beauty,3053.9,38,51,0.05
2026-02-20,Tampere,Sports,4111.73,47,85,0.0
2026-02-20,Oulu,Electronics,2785.49,39,58,0.0
2026-02-20,Oulu,Home,2387.91,28,47,0.0
2026-02-20,Oulu,Beauty,2898.07,33,54,0.2
2026-02-20,Oulu,Sports,1904.53,37,47,0.05
2026-02-21,Helsinki,Electronics,6826.32,86,139,0.0
2026-02-21,Helsinki,Home,5915.45,90,167,0.05
2026-02-21,Helsinki,Beauty,5524.09,57,81,0.0
2026-02-21,Helsinki,Sports,5874.92,67,126,0.05
2026-02-21,Espoo,Electronics,4945.43,63,94,0.2
2026-02-21,Espoo,Home,5683.75,65,126,0.0
2026-02-21,Espoo,Beauty,4871.94,72,81,0.0
2026-02-21,Espoo,Sports,4365.92,49,61,0.0
2026-02-21,Tampere,Electronics,4968.11,55,85,0.1
2026-02-21,Tampere,Home,3861.34,39,61,0.1
2026-02-21,Tampere,Beauty,4569.99,92,129,0.15
2026-02-21,Tampere,Sports,5147.55,61,79,0.2
2026-02-21,Oulu,Electronics,5235.84,67,79,0.0
2026-02-21,Oulu,Home,2817.96,39,54,0.05
2026-02-21,Oulu,Beauty,3404.22,35,67,0.1
2026-02-21,Oulu,Sports,3411.26,38,74,0.0
2026-02-22,Helsinki,Electronics,5093.37,49,59,0.1
2026-02-22,Helsinki,Home,5104.58,65,81,0.0
2026-02-22,Helsinki,Beauty,5217.8,83,118,0.0
2026-02-22,Helsinki,Sports,3620.46,59,79,0.1
2026-02-22,Espoo,Electronics,5325.94,84,94,0.05
2026-02-22,Espoo,Home,3986.93,40,47,0.05
2026-02-22,Espoo,Beauty,5618.26,84,118,0.0
2026-02-22,Espoo,Sports,4851.89,58,107,0.05
2026-02-22,Tampere,Electronics,4787.76,52,82,0.1
2026-02-22,Tampere,Home,4572.46,54,97,0.05
2026-02-22,Tampere,Beauty,4101.67,48,71,0.0
2026-02-22,Tampere,Sports,3060.18,38,66,0.15
2026-02-22,Oulu,Electronics,3683.55,42,78,0.1
2026-02-22,Oulu,Home,2195.13,22,41,0.15
2026-02-22,Oulu,Beauty,4381.47,44,53,0.0
2026-02-22,Oulu,Sports,2930.01,29,40,0.05
2026-02-23,Helsinki,Electronics,3712.33,44,66,0.05
2026-02-23,Helsinki,Home,4389.96,54,101,0.05
2026-02-23,Helsinki,Beauty,,39,71,0.0
2026-02-23,Helsinki,Sports,4168.3,43,59,0.0
2026-02-23,Espoo,Electronics,4262.35,58,76,0.0
2026-02-23,Espoo,Home,3555.07,63,88,0.1
2026-02-23,Espoo,Beauty,2711.81,32,51,0.0
2026-02-23,Espoo,Sports,3041.38,28,54,0.0
2026-02-23,Tampere,Electronics,4512.79,66,86,0.0
2026-02-23,Tampere,Home,4081.52,50,75,0.05
2026-02-23,Tampere,Beauty,2877.41,39,72,0.2
2026-02-23,Tampere,Sports,3784.74,59,78,0.15
2026-02-23,Oulu,Electronics,2333.36,32,40,0.2
2026-02-23,Oulu,Home,3137.3,40,77,0.15
2026-02-23,Oulu,Beauty,2447.89,31,61,0.05
2026-02-23,Oulu,Sports,2358.45,41,78,0.0
2026-02-24,Helsinki,Electronics,5798.57,71,103,0.1
2026-02-24,Helsinki,Home,5887.76,82,121,0.05
2026-02-24,Helsinki,Beauty,4156.82,94,138,0.0
2026-02-24,Helsinki,Sports,4293.23,63,80,0.0
2026-02-24,Espoo,Electronics,4991.83,74,108,0.1
2026-02-24,Espoo,Home,5297.29,49,83,0.0
2026-02-24,Espoo,Beauty,3317.84,32,56,0.05
2026-02-24,Espoo,Sports,3230.87,43,62,0.0
2026-02-24,Tampere,Electronics,3781.88,46,72,0.2
2026-02-24,Tampere,Home,3799.05,41,47,0.0
2026-02-24,Tampere,Beauty,2611.98,36,67,0.0
2026-02-24,Tampere,Sports,3631.97,53,66,0.1
2026-02-24,Oulu,Electronics,3904.86,70,102,0.15
2026-02-24,Oulu,Home,3056.51,39,45,0.0
2026-02-24,Oulu,Beauty,1983.06,24,46,0.05
2026-02-24,Oulu,Sports,2915.92,29,37,0.05
2026-02-25,Helsinki,Electronics,6431.14,104,163,0.0
2026-02-25,Helsinki,Home,4279.35,58,79,0.1
2026-02-25,Helsinki,Beauty,3685.12,61,104,0.2
2026-02-25,Helsinki,Sports,5734.89,78,152,0.1
2026-02-25,Espoo,Electronics,5562.64,78,109,0.0
2026-02-25,Espoo,Home,3478.69,59,91,0.0
2026-02-25,Espoo,Beauty,3283.29,32,62,0.15
2026-02-25,Espoo,Sports,2936.54,39,55,0.05
2026-02-25,Tampere,Electronics,4803.68,71,116,0.0
2026-02-25,Tampere,Home,3644.54,58,109,0.0
2026-02-25,Tampere,Beauty,3361.03,32,62,0.1
2026-02-25,Tampere,Sports,3489.45,42,61,0.0
2026-02-25,Oulu,Electronics,3676.86,48,94,0.1
2026-02-25,Oulu,Home,3148.94,33,52,0.0
2026-02-25,Oulu,Beauty,2921.53,38,66,0.0
2026-02-25,Oulu,Sports,2368.2,30,40,0.0
2026-02-26,Helsinki,Electronics,6139.36,78,152,0.2
2026-02-26,Helsinki,Home,4191.13,75,101,0.0
2026-02-26,Helsinki,Beauty,4198.87,46,89,0.05
2026-02-26,Helsinki,Sports,4326.47,93,167,0.05
2026-02-26,Espoo,Electronics,5334.76,67,107,0.0
2026-02-26,Espoo,Home,3646.79,68,75,0.0
2026-02-26,Espoo,Beauty,4002.13,43,56,0.0
2026-02-26,Espoo,Sports,3113.43,30,36,0.2
2026-02-26,Tampere,Electronics,4938.29,66,111,0.0
2026-02-26,Tampere,Home,4604.82,64,106,0.0
2026-02-26,Tampere,Beauty,3415.26,59,68,0.0
2026-02-26,Tampere,Sports,2965.8,36,63,0.05
2026-02-26,Oulu,Electronics,4162.33,45,68,0.0
2026-02-26,Oulu,Home,2744.65,39,64,0.05
2026-02-26,Oulu,Beauty,3336.16,38,70,0.1
2026-02-26,Oulu,Sports,2642.83,33,58,0.05
2026-02-27,Helsinki,Electronics,6709.59,122,237,0.0
2026-02-27,Helsinki,Home,5904.68,71,99,0.2
2026-02-27,Helsinki,Beauty,4262.92,63,71,0.0
2026-02-27,Helsinki,Sports,2313.34,34,65,0.0
2026-02-27,Espoo,Electronics,5531.23,85,132,0.0
2026-02-27,Espoo,Home,4939.4,58,81,0.05
2026-02-27,Espoo,Beauty,4190.16,49,79,0.0
2026-02-27,Espoo,Sports,3392.08,55,90,0.0
2026-02-27,Tampere,Electronics,5398.25,56,98,0.15
2026-02-27,Tampere,Home,3460.31,45,77,0.05
2026-02-27,Tampere,Beauty,3151.88,51,88,0.0
2026-02-27,Tampere,Sports,3010.59,33,64,0.0
2026-02-27,Oulu,Electronics,3776.13,39,57,0.0
2026-02-27,Oulu,Home,3824.8,50,86,0.0
2026-02-27,Oulu,Beauty,2202.52,32,53,0.05
2026-02-27,Oulu,Sports,2882.08,47,84,0.0
2026-02-28,Helsinki,Electronics,7124.29,106,195,0.05
2026-02-28,Helsinki,Home,7178.88,76,141,0.0
2026-02-28,Helsinki,Beauty,6431.8,69,77,0.05
2026-02-28,Helsinki,Sports,6184.1,59,112,0.0
2026-02-28,Espoo,Electronics,7567.23,73,113,0.1
2026-02-28,Espoo,Home,6583.38,105,160,0.0
2026-02-28,Espoo,Beauty,5438.09,94,178,0.0
2026-02-28,Espoo,Sports,4829.29,-5,84,0.15
2026-02-28,Tampere,Electronics,6022.33,68,97,0.15
2026-02-28,Tampere,Home,6218.79,68,135,0.0
2026-02-28,Tampere,Beauty,4609.56,57,108,0.15
2026-02-28,Tampere,Sports,4021.87,44,75,0.05
2026-02-28,Oulu,Electronics,3733.33,60,66,0.0
2026-02-28,Oulu,Home,4299.39,48,57,0.0
2026-02-28,Oulu,Beauty,4516.97,61,71,0.15
2026-02-28,Oulu,Sports,4145.9,44,60,0.05
2026-03-01,Helsinki,Electronics,7788.63,89,104,0.0
2026-03-01,Helsinki,Home,7187.98,88,163,0.1
2026-03-01,Helsinki,Beauty,5830.48,61,116,0.1
2026-03-01,Helsinki,Sports,6241.38,110,159,0.0
2026-03-01,Espoo,Electronics,7723.44,94,181,0.0
2026-03-01,Espoo,Home,5610.23,86,136,0.0
2026-03-01,Espoo,Beauty,5342.43,62,102,0.15
2026-03-01,Espoo,Sports,5815.48,78,154,0.1
2026-03-01,Tampere,Electronics,7584.43,87,98,0.15
2026-03-01,Tampere,Home,5200.42,62,93,0.05
2026-03-01,Tampere,Beauty,4615.06,62,105,0.2
2026-03-01,Tampere,Sports,5822.93,75,98,0.15
2026-03-01,Oulu,Electronics,4989.31,64,123,0.0
2026-03-01,Oulu,Home,5660.84,77,94,0.0
2026-03-01,Oulu,Beauty,,78,114,0.05
2026-03-01,Oulu,Sports,3772.21,45,56,0.0
2026-03-02,Helsinki,Electronics,8407.01,128,175,0.05
2026-03-02,Helsinki,Home,7040.52,76,140,0.1
2026-03-02,Helsinki,Beauty,5467.34,69,95,0.1
2026-03-02,Helsinki,Sports,4898.8,64,77,0.0
2026-03-02,Espoo,Electronics,5317.24,67,132,0.0
2026-03-02,Espoo,Home,5709.44,58,76,0.1
2026-03-02,Espoo,Beauty,4697.16,71,86,0.0
2026-03-02,Espoo,Sports,5116.53,60,78,0.15
2026-03-02,Tampere,Electronics,6206.97,71,122,0.0
2026-03-02,Tampere,Home,5661.39,79,90,0.1
2026-03-02,Tampere,Beauty,4510.02,67,107,0.1
2026-03-02,Tampere,Sports,4808.5,62,93,0.0
2026-03-02,Oulu,Electronics,6264.81,60,92,0.15
2026-03-02,Oulu,Home,4668.91,48,83,0.0
2026-03-02,Oulu,Beauty,3409.96,40,67,0.15
2026-03-02,Oulu,Sports,3667.55,37,47,0.0
2026-03-03,Helsinki,Electronics,7870.1,94,141,0.15
2026-03-03,Helsinki,Home,5564.72,64,81,0.1
2026-03-03,Helsinki,Beauty,5779.99,71,86,0.15
2026-03-03,Helsinki,Sports,4876.9,57,104,0.15
2026-03-03,Espoo,Electronics,7417.47,117,179,0.0
2026-03-03,Espoo,Home,6815.54,69,84,0.0
2026-03-03,Espoo,Beauty,6118.49,67,111,0.05
2026-03-03,Espoo,Sports,5006.71,61,99,0.0
2026-03-03,Tampere,Electronics,6187.39,64,121,0.0
2026-03-03,Tampere,Home,5363.91,52,97,0.0
2026-03-03,Tampere,Beauty,4354.38,46,81,0.0
2026-03-03,Tampere,Sports,4759.1,89,142,0.0
2026-03-03,Oulu,Electronics,5847.89,53,77,0.0
2026-03-03,Oulu,Home,4788.12,57,87,0.1
2026-03-03,Oulu,Beauty,3233.69,31,40,0.05
2026-03-03,Oulu,Sports,3454.85,45,86,0.05
2026-03-04,Helsinki,Electronics,8977.06,123,227,0.0
2026-03-04,Helsinki,Home,6718.64,86,164,0.0
2026-03-04,Helsinki,Beauty,6483.65,74,111,0.0
2026-03-04,Helsinki,Sports,6140.37,58,84,0.05
2026-03-04,Espoo,Electronics,6805.99,77,147,0.1
2026-03-04,Espoo,Home,7746.98,120,189,0.15
2026-03-04,Espoo,Beauty,5345.7,108,183,0.0
2026-03-04,Espoo,Sports,5264.22,57,82,0.15
2026-03-04,Tampere,Electronics,8022.77,94,110,0.0
2026-03-04,Tampere,Home,5609.27,66,123,0.0
2026-03-04,Tampere,Beauty,5166.38,77,124,0.0
2026-03-04,Tampere,Sports,6479.19,81,129,0.0
2026-03-04,Oulu,Electronics,6135.25,67,126,0.1
2026-03-04,Oulu,Home,5435.53,71,103,0.15
2026-03-04,Oulu,Beauty,5503.24,77,89,0.05
2026-03-04,Oulu,Sports,4947.08,70,124,0.0
2026-03-05,Helsinki,Electronics,9612.7,122,186,0.0
2026-03-05,Helsinki,Home,7756.89,86,151,0.0
2026-03-05,Helsinki,Beauty,5350.65,66,115,0.0
2026-03-05,Helsinki,Sports,5650.98,49,95,0.1
2026-03-05,Espoo,Electronics,6860.56,115,157,0.1
2026-03-05,Espoo,Home,7362.47,106,134,0.1
2026-03-05,Espoo,Beauty,6108.92,68,90,0.1
2026-03-05,Espoo,Sports,4461.17,50,96,0.05
2026-03-05,Tampere,Electronics,6979.24,76,92,0.0
2026-03-05,Tampere,Home,5945.08,63,113,0.0
2026-03-05,Tampere,Beauty,5583.97,68,76,0.05
2026-03-05,Tampere,Sports,5754.65,71,101,0.0
2026-03-05,Oulu,Electronics,6473.1,87,128,0.05
2026-03-05,Oulu,Home,6012.05,61,111,0.0
2026-03-05,Oulu,Beauty,4442.43,57,100,0.0
2026-03-05,Oulu,Sports,5181.94,53,83,0.0
2026-03-06,Helsinki,Electronics,8844.76,107,191,0.05
2026-03-06,Helsinki,Home,7506.72,89,107,0.05
2026-03-06,Helsinki,Beauty,7678.26,89,173,0.15
2026-03-06,Helsinki,Sports,6883.39,74,105,0.0
2026-03-06,Espoo,Electronics,8927.99,96,149,0.15
2026-03-06,Espoo,Home,7317.59,111,137,0.0
2026-03-06,Espoo,Beauty,6539.53,76,107,0.15
2026-03-06,Espoo,Sports,3680.89,53,90,0.2
2026-03-06,Tampere,Electronics,8531.38,88,162,0.0
2026-03-06,Tampere,Home,5217.54,57,90,0.0
2026-03-06,Tampere,Beauty,4060.46,46,70,0.1
2026-03-06,Tampere,Sports,5462.72,56,85,0.05
2026-03-06,Oulu,Electronics,7019.16,110,177,0.05
2026-03-06,Oulu,Home,,76,135,0.0
2026-03-06,Oulu,Beauty,5172.02,66,73,0.1
2026-03-06,Oulu,Sports,5565.57,108,161,0.1
2026-03-07,Helsinki,Electronics,11866.08,151,190,0.0
2026-03-07,Helsinki,Home,9135.57,106,165,0.05
2026-03-07,Helsinki,Beauty,7919.34,127,247,0.05
2026-03-07,Helsinki,Sports,6147.05,76,111,0.1
2026-03-07,Espoo,Electronics,8862.27,96,146,0.1
2026-03-07,Espoo,Home,8243.67,83,105,0.1
2026-03-07,Espoo,Beauty,7016.44,88,163,0.05
2026-03-07,Espoo,Sports,5969.1,68,94,0.05
2026-03-07,Tampere,Electronics,9871.73,119,171,0.0
2026-03-07,Tampere,Home,8345.65,78,93,0.1
2026-03-07,Tampere,Beauty,7369.79,104,191,0.0
2026-03-07,Tampere,Sports,5572.93,56,101,0.05
2026-03-07,Oulu,Electronics,7223.13,71,138,0.05
2026-03-07,Oulu,Home,6463.79,99,164,0.1
2026-03-07,Oulu,Beauty,6648.61,72,81,0.0
2026-03-07,Oulu,Sports,6204.74,109,133,0.0
2026-03-08,Helsinki,Electronics,13732.78,135,183,0.0
2026-03-08,Helsinki,Home,10784.14,120,172,0.1
2026-03-08,Helsinki,Beauty,10376.96,123,198,0.1
2026-03-08,Helsinki,Sports,8293.19,120,227,0.0
2026-03-08,Espoo,Electronics,12219.08,388,659,0.1
2026-03-08,Espoo,Home,9008.33,97,121,0.05
2026-03-08,Espoo,Beauty,8357.56,93,107,0.05
2026-03-08,Espoo,Sports,8389.23,91,146,0.1
2026-03-08,Tampere,Electronics,11752.75,168,218,0.0
2026-03-08,Tampere,Home,8985.31,110,137,0.05
2026-03-08,Tampere,Beauty,8848.48,163,247,0.05
2026-03-08,Tampere,Sports,8289.45,89,171,0.0
2026-03-08,Oulu,Electronics,8964.99,141,233,0.0
2026-03-08,Oulu,Home,8036.73,97,134,0.0
2026-03-08,Oulu,Beauty,7832.42,92,113,0.1
2026-03-08,Oulu,Sports,7231.55,129,211,0.0
2026-03-09,Helsinki,Electronics,9676.27,158,268,0.0
2026-03-09,Helsinki,Home,7914.6,93,152,0.05
2026-03-09,Helsinki,Beauty,7082.2,73,123,0.15
2026-03-09,Helsinki,Sports,6465.55,113,187,0.05
2026-03-09,Espoo,Electronics,9608.34,85,151,0.1
2026-03-09,Espoo,Home,7075.85,89,161,0.05
2026-03-09,Espoo,Beauty,5774.51,98,121,0.0
2026-03-09,Espoo,Sports,6156.48,57,96,0.05
2026-03-09,Tampere,Electronics,9089.18,111,181,0.0
2026-03-09,Tampere,Home,8164.12,92,105,0.0
2026-03-09,Tampere,Beauty,6448.87,86,128,0.0
2026-03-09,Tampere,Sports,4549.98,76,102,0.0
2026-03-09,Oulu,Electronics,8107.67,80,96,0.0
2026-03-09,Oulu,Home,6097.24,65,82,0.0
2026-03-09,Oulu,Beauty,5705.75,80,94,0.1
2026-03-09,Oulu,Sports,4384.09,62,98,0.1
2026-03-10,Helsinki,Electronics,9944.42,120,162,0.0
2026-03-10,Helsinki,Home,7891.5,145,172,0.15
2026-03-10,Helsinki,Beauty,6961.96,80,158,0.0
2026-03-10,Helsinki,Sports,6547.74,84,115,0.1
2026-03-10,Espoo,Electronics,9882.57,104,186,0.05
2026-03-10,Espoo,Home,6762.74,80,93,0.0
2026-03-10,Espoo,Beauty,6144.96,71,133,0.1
2026-03-10,Espoo,Sports,5298.81,67,77,0.0
2026-03-10,Tampere,Electronics,8592.6,180,257,0.0
2026-03-10,Tampere,Home,6617.17,73,140,0.15
2026-03-10,Tampere,Beauty,5631.37,53,86,0.0
2026-03-10,Tampere,Sports,4794.7,76,100,0.0
2026-03-10,Oulu,Electronics,7472.6,102,190,0.1
2026-03-10,Oulu,Home,5451.3,55,83,0.2
2026-03-10,Oulu,Beauty,5939.42,75,83,0.1
2026-03-10,Oulu,Sports,5820.9,94,135,0.1
2026-03-11,Helsinki,Electronics,10759.27,147,234,0.1
2026-03-11,Helsinki,Home,8683.63,136,215,0.0
2026-03-11,Helsinki,Beauty,8140.46,98,161,0.0
2026-03-11,Helsinki,Sports,6121.54,67,89,0.0
2026-03-11,Espoo,Electronics,9381.49,233,330,0.0
2026-03-11,Espoo,Home,7082.91,128,188,0.15
2026-03-11,Espoo,Beauty,6308.69,124,241,0.0
2026-03-11,Espoo,Sports,6348.78,72,83,0.0
2026-03-11,Tampere,Electronics,8722.83,98,122,0.0
2026-03-11,Tampere,Home,7142.96,95,158,0.2
2026-03-11,Tampere,Beauty,5438.42,53,66,0.2
2026-03-11,Tampere,Sports,5899.44,90,165,0.2
2026-03-11,Oulu,Electronics,7053.14,98,127,0.0
2026-03-11,Oulu,Home,6310.72,85,145,0.0
2026-03-11,Oulu,Beauty,5192.6,62,88,0.0
2026-03-11,Oulu,Sports,4261.58,46,62,0.15
2026-03-12,Helsinki,Electronics,9815.58,118,168,0.0
2026-03-12,Helsinki,Home,8572.57,132,183,0.15
2026-03-12,Helsinki,Beauty,7059.09,92,165,0.1
2026-03-12,Helsinki,Sports,6610.78,122,230,0.05
2026-03-12,Espoo,Electronics,8262.2,149,282,0.0
2026-03-12,Espoo,Home,6302.72,75,104,0.0
2026-03-12,Espoo,Beauty,6485.42,85,133,0.0
2026-03-12,Espoo,Sports,6617.36,75,95,0.1
2026-03-12,Tampere,Electronics,8036.44,137,265,0.15
2026-03-12,Tampere,Home,7298.89,78,148,0.1
2026-03-12,Tampere,Beauty,5607.65,76,107,0.1
2026-03-12,Tampere,Sports,5981.46,58,81,0.0
2026-03-12,Oulu,Electronics,8542.04,91,177,0.0
2026-03-12,Oulu,Home,7004.77,67,115,0.05
2026-03-12,Oulu,Beauty,6177.08,65,76,0.1
2026-03-12,Oulu,Sports,4319.78,74,99,0.0
2026-03-13,Helsinki,Electronics,9746.82,142,221,0.0
2026-03-13,Helsinki,Home,6330.68,85,114,0.05
2026-03-13,Helsinki,Beauty,5877.82,75,112,0.15
2026-03-13,Helsinki,Sports,5707.66,68,135,0.0
2026-03-13,Espoo,Electronics,7399.83,131,239,0.1
2026-03-13,Espoo,Home,7185.09,88,120,0.05
2026-03-13,Espoo,Beauty,5237.2,71,122,0.2
2026-03-13,Espoo,Sports,5991.64,73,90,0.05
2026-03-13,Tampere,Electronics,8064.35,95,104,0.15
2026-03-13,Tampere,Home,6759.96,87,129,0.05
2026-03-13,Tampere,Beauty,6176.69,102,169,0.0
2026-03-13,Tampere,Sports,4809.49,70,115,0.05
2026-03-13,Oulu,Electronics,6684.86,89,126,0.1
2026-03-13,Oulu,Home,7252.94,120,227,0.0
2026-03-13,Oulu,Beauty,4861.74,67,101,0.0
2026-03-13,Oulu,Sports,5106.11,67,132,0.1
2026-03-14,Helsinki,Electronics,9595.26,96,167,0.1
2026-03-14,Helsinki,Home,8201.88,123,191,0.15
2026-03-14,Helsinki,Beauty,7152.11,93,175,0.1
2026-03-14,Helsinki,Sports,6749.23,91,133,0.0
2026-03-14,Espoo,Electronics,9001.58,106,120,0.0
2026-03-14,Espoo,Home,7422.7,83,97,0.0
2026-03-14,Espoo,Beauty,6515.08,87,171,0.0
2026-03-14,Espoo,Sports,6349.48,71,92,0.0
2026-03-14,Tampere,Electronics,8842.22,97,193,0.0
2026-03-14,Tampere,Home,7963.21,133,180,0.15
2026-03-14,Tampere,Beauty,6722.2,72,81,0.15
2026-03-14,Tampere,Sports,7001.99,97,143,0.05
2026-03-14,Oulu,Electronics,7702.29,164,215,0.0
2026-03-14,Oulu,Home,5431.28,68,129,0.0
2026-03-14,Oulu,Beauty,5007.65,80,100,0.2
2026-03-14,Oulu,Sports,4766.29,66,82,0.1
2026-03-15,Helsinki,Electronics,11157.69,206,353,0.15
2026-03-15,Helsinki,Home,10355.14,149,249,0.1
2026-03-15,Helsinki,Beauty,10520.53,142,247,0.05
2026-03-15,Helsinki,Sports,8315.32,105,141,0.0
2026-03-15,Espoo,Electronics,11181.23,135,219,0.05
2026-03-15,Espoo,Home,8667.0,89,174,0.05
2026-03-15,Espoo,Beauty,8730.27,95,163,0.05
2026-03-15,Espoo,Sports,7414.8,123,183,0.0
2026-03-15,Tampere,Electronics,10453.46,194,306,0.0
2026-03-15,Tampere,Home,8524.96,105,160,0.05
2026-03-15,Tampere,Beauty,7004.61,88,171,0.0
2026-03-15,Tampere,Sports,7490.98,88,137,0.05
2026-03-15,Oulu,Electronics,8847.8,98,145,0.15
2026-03-15,Oulu,Home,7344.44,79,136,0.15
2026-03-15,Oulu,Beauty,6920.84,149,257,0.0
2026-03-15,Oulu,Sports,7754.46,120,221,0.05
2026-03-16,Helsinki,Electronics,11347.54,173,235,0.0
2026-03-16,Helsinki,Home,8092.99,76,120,0.0
2026-03-16,Helsinki,Beauty,8626.46,100,144,0.05
2026-03-16,Helsinki,Sports,7439.81,88,111,0.05
2026-03-16,Espoo,Electronics,9256.36,137,197,0.1
2026-03-16,Espoo,Home,7891.3,102,180,0.05
2026-03-16,Espoo,Beauty,8203.77,96,117,0.0
2026-03-16,Espoo,Sports,5581.5,68,90,0.15
2026-03-16,Tampere,Electronics,9074.85,117,204,0.0
2026-03-16,Tampere,Home,8064.19,98,155,0.1
2026-03-16,Tampere,Beauty,8093.87,104,119,0.05
2026-03-16,Tampere,Sports,7068.65,97,107,0.0
2026-03-16,Oulu,Electronics,8215.8,100,166,0.05
2026-03-16,Oulu,Home,7568.46,98,109,0.15
2026-03-16,Oulu,Beauty,6863.07,80,138,0.05
2026-03-16,Oulu,Sports,6491.56,72,79,0.0
2026-03-17,Helsinki,Electronics,10569.15,117,195,0.15
2026-03-17,Helsinki,Home,8791.34,106,208,0.0
2026-03-17,Helsinki,Beauty,6904.27,88,147,0.05
2026-03-17,Helsinki,Sports,7486.33,109,149,0.1
2026-03-17,Espoo,Electronics,8487.05,142,226,0.0
2026-03-17,Espoo,Home,7851.28,207,265,0.15
2026-03-17,Espoo,Beauty,6631.59,120,161,0.1
2026-03-17,Espoo,Sports,6221.09,69,100,0.1
2026-03-17,Tampere,Electronics,8544.16,130,213,0.15
2026-03-17,Tampere,Home,7457.54,110,164,0.1
2026-03-17,Tampere,Beauty,7535.75,76,113,0.0
2026-03-17,Tampere,Sports,6541.23,102,199,0.0
2026-03-17,Oulu,Electronics,6579.76,87,104,0.1
2026-03-17,Oulu,Home,6281.0,106,117,0.0
2026-03-17,Oulu,Beauty,6178.26,74,135,0.05
2026-03-17,Oulu,Sports,5845.85,79,128,0.1
2026-03-18,Helsinki,Electronics,10179.18,102,128,0.0
2026-03-18,Helsinki,Home,9077.91,176,348,0.0
2026-03-18,Helsinki,Beauty,6938.28,66,119,0.0
2026-03-18,Helsinki,Sports,6276.3,54,105,0.0
2026-03-18,Espoo,Electronics,8335.56,90,150,0.0
2026-03-18,Espoo,Home,7623.25,104,149,0.15
2026-03-18,Espoo,Beauty,6831.15,94,119,0.0
2026-03-18,Espoo,Sports,6455.51,83,144,0.0
2026-03-18,Tampere,Electronics,7858.66,100,180,0.0
2026-03-18,Tampere,Home,6861.49,101,194,0.0
2026-03-18,Tampere,Beauty,6287.75,64,105,0.05
2026-03-18,Tampere,Sports,5436.36,68,84,0.0
2026-03-18,Oulu,Electronics,6965.78,92,180,0.0
2026-03-18,Oulu,Home,6632.03,107,209,0.05
2026-03-18,Oulu,Beauty,6264.71,78,128,0.2
2026-03-18,Oulu,Sports,5648.63,72,127,0.05
2026-03-19,Helsinki,Electronics,10607.69,140,278,0.0
2026-03-19,Helsinki,Home,8452.76,100,127,0.15
2026-03-19,Helsinki,Beauty,7310.47,82,157,0.0
2026-03-19,Helsinki,Sports,6801.27,91,144,0.15
2026-03-19,Espoo,Electronics,8030.8,99,115,0.0
2026-03-19,Espoo,Home,7408.34,96,173,0.2
2026-03-19,Espoo,Beauty,5720.7,59,76,0.0
2026-03-19,Espoo,Sports,6095.69,87,166,0.15
2026-03-19,Tampere,Electronics,7737.49,123,163,0.0
2026-03-19,Tampere,Home,5749.39,70,124,0.0
2026-03-19,Tampere,Beauty,5667.96,68,114,0.0
2026-03-19,Tampere,Sports,5838.44,102,115,0.0
2026-03-19,Oulu,Electronics,6826.28,94,150,0.05
2026-03-19,Oulu,Home,5411.84,59,76,0.15
2026-03-19,Oulu,Beauty,5323.16,69,113,0.0
2026-03-19,Oulu,Sports,4962.62,63,76,0.0
2026-03-20,Helsinki,Electronics,10061.91,119,192,0.05
2026-03-20,Helsinki,Home,7540.6,108,158,0.0
2026-03-20,Helsinki,Beauty,7341.43,123,191,0.0
2026-03-20,Helsinki,Sports,6467.14,61,101,0.0
2026-03-20,Espoo,Electronics,6239.18,63,70,0.0
2026-03-20,Espoo,Home,6907.17,104,165,0.15
2026-03-20,Espoo,Beauty,6606.8,81,137,0.1
2026-03-20,Espoo,Sports,5278.91,78,138,0.0
2026-03-20,Tampere,Electronics,7582.38,89,103,0.0
2026-03-20,Tampere,Home,6532.34,70,82,0.15
2026-03-20,Tampere,Beauty,6367.56,61,92,0.1
2026-03-20,Tampere,Sports,7207.26,70,131,0.1
2026-03-20,Oulu,Electronics,6620.5,91,144,0.0
2026-03-20,Oulu,Home,5367.65,141,160,0.1
2026-03-20,Oulu,Beauty,5673.69,109,137,0.15
2026-03-20,Oulu,Sports,4640.69,50,65,0.0
2026-03-21,Helsinki,Electronics,9235.97,110,142,0.0
2026-03-21,Helsinki,Home,7399.15,87,167,0.2
2026-03-21,Helsinki,Beauty,7562.18,81,89,0.0
2026-03-21,Helsinki,Sports,6820.88,102,165,0.05
2026-03-21,Espoo,Electronics,8986.21,138,206,0.15
2026-03-21,Espoo,Home,6962.55,91,108,0.0
2026-03-21,Espoo,Beauty,6042.06,104,128,0.2
2026-03-21,Espoo,Sports,6545.94,100,187,0.0
2026-03-21,Tampere,Electronics,7056.07,94,106,0.05
2026-03-21,Tampere,Home,6515.81,88,166,0.1
2026-03-21,Tampere,Beauty,7158.69,80,146,0.0
2026-03-21,Tampere,Sports,6542.72,91,169,0.15
2026-03-21,Oulu,Electronics,6129.29,130,205,0.1
2026-03-21,Oulu,Home,6772.08,117,135,0.0
2026-03-21,Oulu,Beauty,4102.88,48,78,0.0
2026-03-21,Oulu,Sports,4921.07,53,69,0.15
2026-03-22,Helsinki,Electronics,8524.56,109,141,0.15
2026-03-22,Helsinki,Home,7383.31,74,146,0.0
2026-03-22,Helsinki,Beauty,7399.76,90,153,0.05
2026-03-22,Helsinki,Sports,7410.17,124,186,0.0
2026-03-22,Espoo,Electronics,6131.89,151,205,0.0
2026-03-22,Espoo,Home,6905.77,79,119,0.05
2026-03-22,Espoo,Beauty,5972.39,71,105,0.15
2026-03-22,Espoo,Sports,5497.27,135,269,0.05
2026-03-22,Tampere,Electronics,7638.28,99,196,0.0
2026-03-22,Tampere,Home,7367.5,68,108,0.1
2026-03-22,Tampere,Beauty,6566.97,108,140,0.15
2026-03-22,Tampere,Sports,6425.75,88,104,0.0
2026-03-22,Oulu,Electronics,7338.16,89,127,0.0
2026-03-22,Oulu,Home,4819.25,49,77,0.15
2026-03-22,Oulu,Beauty,5579.04,95,146,0.1
2026-03-22,Oulu,Sports,6536.32,91,169,0.1
2026-03-23,Helsinki,Electronics,8271.69,105,174,0.15
2026-03-23,Helsinki,Home,6712.78,103,160,0.15
2026-03-23,Helsinki,Beauty,6475.68,81,93,0.15
2026-03-23,Helsinki,Sports,6034.34,80,125,0.05
2026-03-23,Espoo,Electronics,7102.81,84,108,0.15
2026-03-23,Espoo,Home,6290.16,93,139,0.2
2026-03-23,Espoo,Beauty,5181.03,73,87,0.0
2026-03-23,Espoo,Sports,4746.95,54,106,0.1
2026-03-23,Tampere,Electronics,6133.05,89,150,0.15
2026-03-23,Tampere,Home,5372.5,52,65,0.0
2026-03-23,Tampere,Beauty,5189.23,79,138,0.1
2026-03-23,Tampere,Sports,4665.56,53,65,0.0
2026-03-23,Oulu,Electronics,4051.36,82,143,0.0
2026-03-23,Oulu,Home,3953.77,50,89,0.0
2026-03-23,Oulu,Beauty,3955.3,50,79,0.2
2026-03-23,Oulu,Sports,4579.87,63,124,0.0
2026-03-24,Helsinki,Electronics,7962.22,103,190,0.1
2026-03-24,Helsinki,Home,7496.39,86,122,0.0
2026-03-24,Helsinki,Beauty,6826.02,84,112,0.1
2026-03-24,Helsinki,Sports,5591.49,82,93,0.15
2026-03-24,Espoo,Electronics,7150.92,101,169,0.0
2026-03-24,Espoo,Home,5916.45,92,176,0.1
2026-03-24,Espoo,Beauty,6045.02,77,142,0.1
2026-03-24,Espoo,Sports,5142.48,68,132,0.0
2026-03-24,Tampere,Electronics,6388.84,67,103,0.0
2026-03-24,Tampere,Home,6565.17,110,184,0.0
2026-03-24,Tampere,Beauty,5892.86,62,110,0.1
2026-03-24,Tampere,Sports,4892.03,61,77,0.05
2026-03-24,Oulu,Electronics,4691.96,65,113,0.1
2026-03-24,Oulu,Home,4232.68,59,93,0.0
2026-03-24,Oulu,Beauty,4935.58,61,107,0.0
2026-03-24,Oulu,Sports,5308.44,82,155,0.0
2026-03-25,Helsinki,Electronics,5819.17,67,121,0.0
2026-03-25,Helsinki,Home,3892.47,41,60,0.1
2026-03-25,Helsinki,Beauty,4878.16,53,86,0.0
2026-03-25,Helsinki,Sports,4582.98,62,92,0.05
2026-03-25,Espoo,Electronics,3487.42,46,90,0.1
2026-03-25,Espoo,Home,3647.42,41,69,0.05
2026-03-25,Espoo,Beauty,3773.95,31,55,0.05
2026-03-25,Espoo,Sports,2584.58,29,50,0.1
2026-03-25,Tampere,Electronics,3704.73,46,87,0.0
2026-03-25,Tampere,Home,2542.16,29,50,0.0
2026-03-25,Tampere,Beauty,3149.09,34,40,0.0
2026-03-25,Tampere,Sports,3140.67,36,57,0.15
2026-03-25,Oulu,Electronics,2050.38,20,22,0.0
2026-03-25,Oulu,Home,2152.26,23,25,0.0
2026-03-25,Oulu,Beauty,2724.24,31,59,0.1
2026-03-25,Oulu,Sports,2363.13,29,56,0.0
2026-03-26,Helsinki,Electronics,6134.28,82,91,0.15
2026-03-26,Helsinki,Home,4846.79,79,92,0.0
2026-03-26,Helsinki,Beauty,3658.59,66,78,0.1
2026-03-26,Helsinki,Sports,3645.01,42,78,0.2
2026-03-26,Espoo,Electronics,5095.69,83,108,0.1
2026-03-26,Espoo,Home,3600.43,49,97,0.15
2026-03-26,Espoo,Beauty,4420.44,53,85,0.05
2026-03-26,Espoo,Sports,3022.68,35,61,0.0
2026-03-26,Tampere,Electronics,4957.36,73,111,0.0
2026-03-26,Tampere,Home,3239.75,42,66,0.1
2026-03-26,Tampere,Beauty,2901.27,38,72,0.2
2026-03-26,Tampere,Sports,2036.54,22,34,0.05
2026-03-26,Oulu,Electronics,3476.88,48,69,0.0
2026-03-26,Oulu,Home,2970.91,41,74,0.1
2026-03-26,Oulu,Beauty,2834.65,32,36,0.05
2026-03-26,Oulu,Sports,1568.77,27,50,0.0
2026-03-27,Helsinki,Electronics,6130.38,93,170,0.0
2026-03-27,Helsinki,Home,5588.15,84,115,0.0
2026-03-27,Helsinki,Beauty,4061.77,51,71,0.0
2026-03-27,Helsinki,Sports,4365.74,52,58,0.2
2026-03-27,Espoo,Electronics,5327.66,58,102,0.05
2026-03-27,Espoo,Home,4054.17,51,83,0.1
2026-03-27,Espoo,Beauty,3655.78,45,76,0.0
2026-03-27,Espoo,Sports,3333.79,38,64,0.1
2026-03-27,Tampere,Electronics,4652.8,54,102,0.0
2026-03-27,Tampere,Home,3843.32,37,55,0.0
2026-03-27,Tampere,Beauty,2898.13,33,57,0.0
2026-03-27,Tampere,Sports,4337.7,51,71,0.15
2026-03-27,Oulu,Electronics,3150.25,47,92,0.15
2026-03-27,Oulu,Home,3929.11,60,103,0.0
2026-03-27,Oulu,Beauty,2507.7,22,27,0.0
2026-03-27,Oulu,Sports,2860.88,35,42,0.0
2026-03-28,Helsinki,Electronics,7091.73,74,102,0.0
2026-03-28,Helsinki,Home,6700.91,89,148,0.05
2026-03-28,Helsinki,Beauty,4574.09,57,64,0.0
2026-03-28,Helsinki,Sports,4154.36,85,94,0.05
2026-03-28,Espoo,Electronics,6574.17,74,141,0.0
2026-03-28,Espoo,Home,4485.66,75,95,0.0
2026-03-28,Espoo,Beauty,3771.37,39,51,0.0
2026-03-28,Espoo,Sports,4185.31,48,76,0.1
2026-03-28,Tampere,Electronics,4370.86,64,86,0.1
2026-03-28,Tampere,Home,4711.71,44,62,0.0
2026-03-28,Tampere,Beauty,3893.95,48,65,0.05
2026-03-28,Tampere,Sports,4125.18,54,81,0.0
2026-03-28,Oulu,Electronics,22904.5,43,78,0.0
2026-03-28,Oulu,Home,2879.78,30,54,0.05
2026-03-28,Oulu,Beauty,2577.73,40,65,0.0
2026-03-28,Oulu,Sports,2928.36,54,101,0.0
2026-03-29,Helsinki,Electronics,7162.09,77,136,0.15
2026-03-29,Helsinki,Home,5539.83,71,105,0.0
2026-03-29,Helsinki,Beauty,6105.63,65,87,0.05
2026-03-29,Helsinki,Sports,4717.81,63,92,0.1
2026-03-29,Espoo,Electronics,5617.1,89,163,0.0
2026-03-29,Espoo,Home,4983.93,69,119,0.05
2026-03-29,Espoo,Beauty,4652.57,95,129,0.1
2026-03-29,Espoo,Sports,4202.99,58,98,0.2
2026-03-29,Tampere,Electronics,6269.48,83,100,0.05
2026-03-29,Tampere,Home,4430.27,62,83,0.0
2026-03-29,Tampere,Beauty,3895.86,39,66,0.05
2026-03-29,Tampere,Sports,5083.27,54,87,0.1
2026-03-29,Oulu,Electronics,4843.28,64,120,0.1
2026-03-29,Oulu,Home,4296.82,57,66,0.05
2026-03-29,Oulu,Beauty,5465.44,62,99,0.0
2026-03-29,Oulu,Sports,3322.64,43,50,0.15
2026-03-30,Helsinki,Electronics,7000.57,75,149,0.0
2026-03-30,Helsinki,Home,5559.61,48,56,0.05
2026-03-30,Helsinki,Beauty,4145.8,51,87,0.0
2026-03-30,Helsinki,Sports,4790.63,75,91,0.0
2026-03-30,Espoo,Electronics,5952.51,85,109,0.0
2026-03-30,Espoo,Home,4652.16,66,90,0.0
2026-03-30,Espoo,Beauty,3434.96,34,45,0.15
2026-03-30,Espoo,Sports,4071.99,61,78,0.05
2026-03-30,Tampere,Electronics,5319.04,-5,123,0.0
2026-03-30,Tampere,Home,3873.54,47,85,0.1
2026-03-30,Tampere,Beauty,3877.75,37,72,0.0
2026-03-30,Tampere,Sports,4062.38,45,71,0.0
2026-03-30,Oulu,Electronics,4094.23,37,69,0.2
2026-03-30,Oulu,Home,3903.33,56,99,0.1
2026-03-30,Oulu,Beauty,2926.78,35,54,0.05
2026-03-30,Oulu,Sports,3254.81,25,30,0.05
2026-03-31,Helsinki,Electronics,6751.52,82,107,0.1
2026-03-31,Helsinki,Home,4602.44,52,60,0.0
2026-03-31,Helsinki,Beauty,4591.08,47,91,0.0
2026-03-31,Helsinki,Sports,4556.01,74,144,0.2
2026-03-31,Espoo,Electronics,5622.01,76,111,0.0
2026-03-31,Espoo,Home,5759.81,62,108,0.1
2026-03-31,Espoo,Beauty,4529.71,53,86,0.0
2026-03-31,Espoo,Sports,4425.52,53,66,0.2
2026-03-31,Tampere,Electronics,5847.39,91,169,0.2
2026-03-31,Tampere,Home,4321.78,75,101,0.0
2026-03-31,Tampere,Beauty,3670.25,37,62,0.0
2026-03-31,Tampere,Sports,3843.68,49,87,0.15
2026-03-31,Oulu,Electronics,4537.82,45,87,0.0
2026-03-31,Oulu,Home,3257.05,48,80,0.05
2026-03-31,Oulu,Beauty,2678.53,42,57,0.0
2026-03-31,Oulu,Sports,3224.4,33,64,0.0
2026-04-01,Helsinki,Electronics,8230.75,114,209,0.0
2026-04-01,Helsinki,Home,6757.18,68,91,0.15
2026-04-01,Helsinki,Beauty,5141.82,74,135,0.15
2026-04-01,Helsinki,Sports,6373.55,89,135,0.15
2026-04-01,Espoo,Electronics,5835.72,91,110,0.1
2026-04-01,Espoo,Home,5396.48,56,107,0.0
2026-04-01,Espoo,Beauty,5633.49,76,97,0.1
2026-04-01,Espoo,Sports,3905.54,40,47,0.15
2026-04-01,Tampere,Electronics,7409.98,81,113,0.0
2026-04-01,Tampere,Home,4808.92,71,81,0.1
2026-04-01,Tampere,Beauty,5519.31,95,120,0.0
2026-04-01,Tampere,Sports,3574.42,33,53,0.1
2026-04-01,Oulu,Electronics,5987.8,67,100,0.05
2026-04-01,Oulu,Home,3252.34,36,56,0.0
2026-04-01,Oulu,Beauty,4688.39,55,104,0.1
2026-04-01,Oulu,Sports,3460.63,32,57,0.2
2026-04-02,Helsinki,Electronics,8167.55,122,239,0.0
2026-04-02,Helsinki,Home,7812.57,95,176,0.05
2026-04-02,Helsinki,Beauty,7190.31,90,105,0.0
2026-04-02,Helsinki,Sports,5305.62,89,158,0.05
2026-04-02,Espoo,Electronics,6753.64,101,194,0.15
2026-04-02,Espoo,Home,4727.84,77,108,0.0
2026-04-02,Espoo,Beauty,4248.61,53,58,0.05
2026-04-02,Espoo,Sports,4788.96,95,173,0.05
2026-04-02,Tampere,Electronics,7232.89,105,142,0.15
2026-04-02,Tampere,Home,4675.01,79,117,0.0
2026-04-02,Tampere,Beauty,5110.73,95,152,0.0
2026-04-02,Tampere,Sports,3686.1,32,41,0.05
2026-04-02,Oulu,Electronics,6357.34,67,101,0.0
2026-04-02,Oulu,Home,5543.41,96,116,0.0
2026-04-02,Oulu,Beauty,4393.68,51,82,0.05
2026-04-02,Oulu,Sports,3501.52,59,113,0.0
2026-04-03,Helsinki,Electronics,10074.46,124,139,0.05
2026-04-03,Helsinki,Home,7894.04,80,97,0.0
2026-04-03,Helsinki,Beauty,7740.6,94,175,0.05
2026-04-03,Helsinki,Sports,6358.81,75,105,0.15
2026-04-03,Espoo,Electronics,9301.4,103,160,0.2
2026-04-03,Espoo,Home,6878.47,103,114,0.05
2026-04-03,Espoo,Beauty,6702.15,92,148,0.0
2026-04-03,Espoo,Sports,5711.34,55,86,0.05
2026-04-03,Tampere,Electronics,8967.79,126,178,0.0
2026-04-03,Tampere,Home,7898.99,98,160,0.0
2026-04-03,Tampere,Beauty,6224.87,67,77,0.05
2026-04-03,Tampere,Sports,5779.64,63,124,0.0
2026-04-03,Oulu,Electronics,7377.22,73,89,0.2
2026-04-03,Oulu,Home,6036.16,59,83,0.0
2026-04-03,Oulu,Beauty,6318.68,61,116,0.0
2026-04-03,Oulu,Sports,4944.55,75,127,0.05
2026-04-04,Helsinki,Electronics,9895.14,175,219,0.15
2026-04-04,Helsinki,Home,6597.09,83,111,0.15
2026-04-04,Helsinki,Beauty,7325.88,107,177,0.1
2026-04-04,Helsinki,Sports,5692.04,80,122,0.15
2026-04-04,Espoo,Electronics,7443.74,101,150,0.05
2026-04-04,Espoo,Home,7599.37,76,96,0.0
2026-04-04,Espoo,Beauty,6332.86,87,170,0.0
2026-04-04,Espoo,Sports,4906.15,66,100,0.1
2026-04-04,Tampere,Electronics,8445.12,100,192,0.0
2026-04-04,Tampere,Home,6331.02,109,168,0.1
2026-04-04,Tampere,Beauty,5449.41,59,74,0.0
2026-04-04,Tampere,Sports,5263.53,90,154,0.0
2026-04-04,Oulu,Electronics,7512.27,100,168,0.1
2026-04-04,Oulu,Home,5881.23,103,185,0.0
2026-04-04,Oulu,Beauty,4888.73,44,56,0.0
2026-04-04,Oulu,Sports,4764.12,47,80,0.0
2026-04-05,Helsinki,Electronics,11014.73,156,292,0.0
2026-04-05,Helsinki,Home,9242.14,92,127,0.05
2026-04-05,Helsinki,Beauty,7774.23,86,147,0.05
2026-04-05,Helsinki,Sports,7113.87,89,133,0.0
2026-04-05,Espoo,Electronics,10182.85,165,222,0.05
2026-04-05,Espoo,Home,7544.22,124,138,0.15
2026-04-05,Espoo,Beauty,7169.43,92,121,0.05
2026-04-05,Espoo,Sports,6158.16,67,103,0.05
2026-04-05,Tampere,Electronics,8838.82,97,178,0.1
2026-04-05,Tampere,Home,7519.98,83,105,0.0
2026-04-05,Tampere,Beauty,5748.95,76,136,0.0
2026-04-05,Tampere,Sports,5254.55,63,70,0.15
2026-04-05,Oulu,Electronics,7793.23,98,146,0.15
2026-04-05,Oulu,Home,6004.39,74,121,0.15
2026-04-05,Oulu,Beauty,6368.34,108,147,0.1
2026-04-05,Oulu,Sports,4680.11,55,87,0.0
2026-04-06,Helsinki,Electronics,11088.43,156,273,0.0
2026-04-06,Helsinki,Home,8443.4,91,135,0.0
2026-04-06,Helsinki,Beauty,8200.78,122,240,0.0
2026-04-06,Helsinki,Sports,6025.78,74,88,0.1
2026-04-06,Espoo,Electronics,7282.25,83,141,0.0
2026-04-06,Espoo,Home,7988.98,127,232,0.2
2026-04-06,Espoo,Beauty,6376.05,61,99,0.1
2026-04-06,Espoo,Sports,5364.39,62,106,0.0
2026-04-06,Tampere,Electronics,8670.53,86,131,0.0
2026-04-06,Tampere,Home,6434.33,87,142,0.0
2026-04-06,Tampere,Beauty,5372.18,50,61,0.0
2026-04-06,Tampere,Sports,4921.15,55,67,0.05
2026-04-06,Oulu,Electronics,5549.96,74,113,0.0
2026-04-06,Oulu,Home,5486.27,65,104,0.0
2026-04-06,Oulu,Beauty,5179.09,55,100,0.0
2026-04-06,Oulu,Sports,4756.33,53,105,0.15
2026-04-07,Helsinki,Electronics,9826.99,128,169,0.0
2026-04-07,Helsinki,Home,8053.18,101,163,0.1
2026-04-07,Helsinki,Beauty,8095.21,74,90,0.05
2026-04-07,Helsinki,Sports,6056.41,63,118,0.05
2026-04-07,Espoo,Electronics,8708.28,107,186,0.1
2026-04-07,Espoo,Home,7330.02,87,129,0.2
2026-04-07,Espoo,Beauty,6844.73,96,158,0.2
2026-04-07,Espoo,Sports,7547.24,90,123,0.0
2026-04-07,Tampere,Electronics,7821.45,91,105,0.0
2026-04-07,Tampere,Home,6379.8,65,80,0.0
2026-04-07,Tampere,Beauty,5633.04,78,96,0.0
2026-04-07,Tampere,Sports,5173.09,100,121,0.1
2026-04-07,Oulu,Electronics,36853.75,108,212,0.0
2026-04-07,Oulu,Home,4845.27,51,99,0.0
2026-04-07,Oulu,Beauty,6219.53,101,137,0.0
2026-04-07,Oulu,Sports,4759.53,73,124,0.0
2026-04-08,Helsinki,Electronics,10235.35,118,202,0.05
2026-04-08,Helsinki,Home,7358.75,85,151,0.1
2026-04-08,Helsinki,Beauty,6800.93,92,154,0.2
2026-04-08,Helsinki,Sports,6321.99,89,101,0.0
2026-04-08,Espoo,Electronics,9232.91,-5,154,0.0
2026-04-08,Espoo,Home,7613.96,107,151,0.0
2026-04-08,Espoo,Beauty,6382.73,66,130,0.1
2026-04-08,Espoo,Sports,5643.9,116,184,0.05
2026-04-08,Tampere,Electronics,9152.66,104,126,0.15
2026-04-08,Tampere,Home,7061.61,66,111,0.0
2026-04-08,Tampere,Beauty,6666.47,57,102,0.05
2026-04-08,Tampere,Sports,5881.46,89,153,0.0
2026-04-08,Oulu,Electronics,7075.26,93,185,0.0
2026-04-08,Oulu,Home,7428.42,112,189,0.05
2026-04-08,Oulu,Beauty,6585.91,71,121,0.0
2026-04-08,Oulu,Sports,5399.25,66,126,0.0
2026-04-09,Helsinki,Electronics,9745.19,203,255,0.1
2026-04-09,Helsinki,Home,7224.02,76,90,0.1
2026-04-09,Helsinki,Beauty,7018.5,78,151,0.0
2026-04-09,Helsinki,Sports,6925.33,103,153,0.15
2026-04-09,Espoo,Electronics,8706.7,110,123,0.0
2026-04-09,Espoo,Home,7528.49,76,109,0.05
2026-04-09,Espoo,Beauty,5771.81,62,119,0.0
2026-04-09,Espoo,Sports,6136.09,92,161,0.0
2026-04-09,Tampere,Electronics,7268.33,73,103,0.1
2026-04-09,Tampere,Home,6907.05,80,156,0.05
2026-04-09,Tampere,Beauty,6999.04,98,193,0.05
2026-04-09,Tampere,Sports,5356.23,66,97,0.05
2026-04-09,Oulu,Electronics,8077.17,111,165,0.0
2026-04-09,Oulu,Home,6613.92,71,127,0.0
2026-04-09,Oulu,Beauty,6559.86,78,136,0.15
2026-04-09,Oulu,Sports,5538.74,83,137,0.1
2026-04-10,Helsinki,Electronics,11388.05,122,235,0.0
2026-04-10,Helsinki,Home,7536.85,76,127,0.1
2026-04-10,Helsinki,Beauty,6873.83,92,132,0.1
2026-04-10,Helsinki,Sports,6942.99,83,113,0.0
2026-04-10,Espoo,Electronics,8761.78,98,150,0.0
2026-04-10,Espoo,Home,7119.24,82,113,0.05
2026-04-10,Espoo,Beauty,6625.34,94,111,0.0
2026-04-10,Espoo,Sports,5611.23,71,116,0.05
2026-04-10,Tampere,Electronics,8407.14,108,176,0.1
2026-04-10,Tampere,Home,8072.73,114,165,0.1
2026-04-10,Tampere,Beauty,4099.68,44,77,0.0
2026-04-10,Tampere,Sports,5230.84,52,74,0.0
2026-04-10,Oulu,Electronics,8607.37,88,115,0.05
2026-04-10,Oulu,Home,6691.43,56,69,0.0
2026-04-10,Oulu,Beauty,4837.63,55,71,0.05
2026-04-10,Oulu,Sports,4407.85,46,75,0.0
2026-04-11,Helsinki,Electronics,11462.02,124,199,0.0
2026-04-11,Helsinki,Home,8021.43,160,176,0.05
2026-04-11,Helsinki,Beauty,7916.89,142,280,0.1
2026-04-11,Helsinki,Sports,6880.59,69,100,0.15
2026-04-11,Espoo,Electronics,10291.04,127,225,0.1
2026-04-11,Espoo,Home,7240.64,69,118,0.0
2026-04-11,Espoo,Beauty,7114.99,94,174,0.0
2026-04-11,Espoo,Sports,5999.24,68,89,0.1
2026-04-11,Tampere,Electronics,8917.99,101,114,0.15
2026-04-11,Tampere,Home,7445.25,83,93,0.0
2026-04-11,Tampere,Beauty,6488.47,76,143,0.0
2026-04-11,Tampere,Sports,6838.68,125,161,0.0
2026-04-11,Oulu,Electronics,7681.97,105,185,0.0
2026-04-11,Oulu,Home,7508.96,79,98,0.15
2026-04-11,Oulu,Beauty,5635.56,96,178,0.1
2026-04-11,Oulu,Sports,4775.37,57,107,0.0
2026-04-12,Helsinki,Electronics,10539.02,117,213,0.0
2026-04-12,Helsinki,Home,8182.17,88,169,0.1
2026-04-12,Helsinki,Beauty,7309.52,96,158,0.2
2026-04-12,Helsinki,Sports,6792.22,73,141,0.2
2026-04-12,Espoo,Electronics,8932.73,104,115,0.0
2026-04-12,Espoo,Home,9027.03,128,181,0.0
2026-04-12,Espoo,Beauty,6402.01,80,121,0.05
2026-04-12,Espoo,Sports,6516.23,110,197,0.1
2026-04-12,Tampere,Electronics,6646.03,75,139,0.15
2026-04-12,Tampere,Home,7053.98,94,138,0.2
2026-04-12,Tampere,Beauty,6578.96,61,76,0.2
2026-04-12,Tampere,Sports,5895.44,95,112,0.0
2026-04-12,Oulu,Electronics,8600.07,89,100,0.1
2026-04-12,Oulu,Home,7251.22,84,141,0.05
2026-04-12,Oulu,Beauty,5585.56,78,116,0.1
2026-04-12,Oulu,Sports,5911.62,81,143,0.0
2026-04-13,Helsinki,Electronics,9525.62,138,206,0.1
2026-04-13,Helsinki,Home,7883.22,118,151,0.0
2026-04-13,Helsinki,Beauty,6589.55,79,127,0.2
2026-04-13,Helsinki,Sports,6449.56,68,116,0.0
2026-04-13,Espoo,Electronics,8529.64,93,124,0.15
2026-04-13,Espoo,Home,6390.04,78,98,0.1
2026-04-13,Espoo,Beauty,5142.78,69,79,0.05
2026-04-13,Espoo,Sports,4952.71,72,100,0.05
2026-04-13,Tampere,Electronics,7682.4,109,216,0.05
2026-04-13,Tampere,Home,4256.66,44,76,0.05
2026-04-13,Tampere,Beauty,5915.66,63,110,0.05
2026-04-13,Tampere,Sports,4059.08,51,87,0.2
2026-04-13,Oulu,Electronics,6172.01,66,126,0.0
2026-04-13,Oulu,Home,5626.21,53,61,0.0
2026-04-13,Oulu,Beauty,4902.3,63,73,0.0
2026-04-13,Oulu,Sports,3075.09,38,42,0.0
2026-04-14,Helsinki,Electronics,8658.52,117,185,0.0
2026-04-14,Helsinki,Home,6472.32,76,149,0.1
2026-04-14,Helsinki,Beauty,6089.8,80,128,0.0
2026-04-14,Helsinki,Sports,6197.73,79,144,0.0
2026-04-14,Espoo,Electronics,8341.27,113,177,0.05
2026-04-14,Espoo,Home,7259.68,84,96,0.0
2026-04-14,Espoo,Beauty,5783.06,88,146,0.0
2026-04-14,Espoo,Sports,5457.56,75,147,0.0
2026-04-14,Tampere,Electronics,6751.3,69,81,0.0
2026-04-14,Tampere,Home,5947.12,63,72,0.05
2026-04-14,Tampere,Beauty,5156.41,117,134,0.15
2026-04-14,Tampere,Sports,5323.82,60,89,0.15
2026-04-14,Oulu,Electronics,7633.47,77,113,0.0
2026-04-14,Oulu,Home,5326.7,89,107,0.0
2026-04-14,Oulu,Beauty,4358.34,42,76,0.1
2026-04-14,Oulu,Sports,4309.19,34,48,0.1
2026-04-15,Helsinki,Electronics,8573.07,123,167,0.0
2026-04-15,Helsinki,Home,5632.14,107,178,0.0
2026-04-15,Helsinki,Beauty,3889.1,43,64,0.0
2026-04-15,Helsinki,Sports,4770.46,52,63,0.05
2026-04-15,Espoo,Electronics,6737.42,80,130,0.15
2026-04-15,Espoo,Home,5609.0,73,106,0.1
2026-04-15,Espoo,Beauty,4666.17,54,77,0.05
2026-04-15,Espoo,Sports,5111.13,52,71,0.05
2026-04-15,Tampere,Electronics,6104.96,78,98,0.05
2026-04-15,Tampere,Home,5097.88,56,75,0.0
2026-04-15,Tampere,Beauty,4301.7,73,96,0.0
2026-04-15,Tampere,Sports,4649.18,68,98,0.0
2026-04-15,Oulu,Electronics,5063.75,57,76,0.0
2026-04-15,Oulu,Home,4932.81,62,120,0.1
2026-04-15,Oulu,Beauty,4679.36,70,111,0.2
2026-04-15,Oulu,Sports,3665.58,46,78,0.0
2026-04-16,Helsinki,Electronics,8038.06,89,127,0.1
2026-04-16,Helsinki,Home,7703.74,80,120,0.0
2026-04-16,Helsinki,Beauty,5655.73,58,98,0.0
2026-04-16,Helsinki,Sports,4432.63,59,76,0.0
2026-04-16,Espoo,Electronics,6197.16,87,169,0.0
2026-04-16,Espoo,Home,5433.17,76,112,0.05
2026-04-16,Espoo,Beauty,4763.59,44,72,0.1
2026-04-16,Espoo,Sports,4247.99,48,61,0.0
2026-04-16,Tampere,Electronics,6485.0,68,77,0.1
2026-04-16,Tampere,Home,4866.58,69,89,0.05
2026-04-16,Tampere,Beauty,5142.34,54,91,0.1
2026-04-16,Tampere,Sports,3807.62,49,81,0.0
2026-04-16,Oulu,Electronics,6866.52,105,186,0.05
2026-04-16,Oulu,Home,3802.4,34,50,0.0
2026-04-16,Oulu,Beauty,4255.03,45,50,0.0
2026-04-16,Oulu,Sports,4173.0,54,106,0.2
2026-04-17,Helsinki,Electronics,6948.94,153,277,0.0
2026-04-17,Helsinki,Home,5399.9,60,98,0.15
2026-04-17,Helsinki,Beauty,4820.44,67,89,0.05
2026-04-17,Helsinki,Sports,5597.19,86,110,0.0
2026-04-17,Espoo,Electronics,6093.23,71,114,0.15
2026-04-17,Espoo,Home,6091.35,81,146,0.1
2026-04-17,Espoo,Beauty,4563.82,50,86,0.0
2026-04-17,Espoo,Sports,4593.73,55,103,0.0
2026-04-17,Tampere,Electronics,5035.1,55,89,0.05
2026-04-17,Tampere,Home,4601.24,45,60,0.05
2026-04-17,Tampere,Beauty,3280.89,45,76,0.05
2026-04-17,Tampere,Sports,3595.7,41,48,0.0
2026-04-17,Oulu,Electronics,4962.19,115,196,0.05
2026-04-17,Oulu,Home,2494.6,37,45,0.0
2026-04-17,Oulu,Beauty,4192.65,42,77,0.0
2026-04-17,Oulu,Sports,2801.35,37,71,0.1
2026-04-18,Helsinki,Electronics,7363.8,67,74,0.15
2026-04-18,Helsinki,Home,6548.48,81,108,0.1
2026-04-18,Helsinki,Beauty,5940.71,136,204,0.0
2026-04-18,Helsinki,Sports,4981.07,66,119,0.0
2026-04-18,Espoo,Electronics,7466.41,102,169,0.15
2026-04-18,Espoo,Home,4791.95,79,148,0.05
2026-04-18,Espoo,Beauty,4425.43,90,156,0.1
2026-04-18,Espoo,Sports,4508.77,46,54,0.15
2026-04-18,Tampere,Electronics,7453.43,110,138,0.0
2026-04-18,Tampere,Home,5862.95,86,157,0.0
2026-04-18,Tampere,Beauty,5329.21,55,94,0.0
2026-04-18,Tampere,Sports,3972.88,42,77,0.1
2026-04-18,Oulu,Electronics,5105.72,61,84,0.15
2026-04-18,Oulu,Home,4663.45,70,88,0.0
2026-04-18,Oulu,Beauty,3309.21,60,115,0.0
2026-04-18,Oulu,Sports,4098.8,80,93,0.0
2026-04-19,Helsinki,Electronics,7812.08,96,188,0.15
2026-04-19,Helsinki,Home,6193.08,73,129,0.05
2026-04-19,Helsinki,Beauty,6471.18,59,73,0.0
2026-04-19,Helsinki,Sports,5628.95,78,90,0.0
2026-04-19,Espoo,Electronics,7324.74,116,154,0.1
2026-04-19,Espoo,Home,5092.49,51,93,0.0
2026-04-19,Espoo,Beauty,5367.2,68,120,0.1
2026-04-19,Espoo,Sports,4721.05,66,95,0.15
2026-04-19,Tampere,Electronics,5889.95,67,133,0.0
2026-04-19,Tampere,Home,5241.3,61,110,0.05
2026-04-19,Tampere,Beauty,4301.52,57,83,0.05
2026-04-19,Tampere,Sports,4740.85,53,76,0.05
2026-04-19,Oulu,Electronics,4506.53,62,99,0.05
2026-04-19,Oulu,Home,4217.21,52,101,0.1
2026-04-19,Oulu,Beauty,4194.66,65,80,0.05
2026-04-19,Oulu,Sports,3833.69,42,50,0.1
2026-04-20,Helsinki,Electronics,6335.3,68,87,0.0
2026-04-20,Helsinki,Home,5161.96,70,112,0.0
2026-04-20,Helsinki,Beauty,4524.73,60,103,0.1
2026-04-20,Helsinki,Sports,4958.85,60,72,0.15
2026-04-20,Espoo,Electronics,5164.47,60,85,0.0
2026-04-20,Espoo,Home,5016.68,68,87,0.0
2026-04-20,Espoo,Beauty,4300.58,68,108,0.15
2026-04-20,Espoo,Sports,2593.69,35,59,0.0
2026-04-20,Tampere,Electronics,5181.26,71,125,0.0
2026-04-20,Tampere,Home,3651.58,36,62,0.0
2026-04-20,Tampere,Beauty,2395.33,28,47,0.0
2026-04-20,Tampere,Sports,4086.7,52,79,0.05
2026-04-20,Oulu,Electronics,3960.67,59,101,0.0
2026-04-20,Oulu,Home,3175.1,34,47,0.15
2026-04-20,Oulu,Beauty,3106.47,50,72,0.2
2026-04-20,Oulu,Sports,3826.8,41,48,0.0
2026-04-21,Helsinki,Electronics,5725.46,72,130,0.15
2026-04-21,Helsinki,Home,5235.32,55,76,0.0
2026-04-21,Helsinki,Beauty,4412.04,72,97,0.05
2026-04-21,Helsinki,Sports,3619.91,50,60,0.0
2026-04-21,Espoo,Electronics,5073.15,55,75,0.15
2026-04-21,Espoo,Home,3711.44,53,76,0.0
2026-04-21,Espoo,Beauty,3370.61,44,81,0.0
2026-04-21,Espoo,Sports,3343.47,36,50,0.0
2026-04-21,Tampere,Electronics,4567.65,55,73,0.0
2026-04-21,Tampere,Home,3903.26,61,69,0.2
2026-04-21,Tampere,Beauty,3389.77,52,75,0.1
2026-04-21,Tampere,Sports,4037.68,44,74,0.1
2026-04-21,Oulu,Electronics,3644.92,48,73,0.05
2026-04-21,Oulu,Home,2924.85,48,55,0.0
2026-04-21,Oulu,Beauty,2544.94,28,51,0.0
2026-04-21,Oulu,Sports,1938.64,23,28,0.0
2026-04-22,Helsinki,Electronics,5919.43,64,75,0.15
2026-04-22,Helsinki,Home,3997.56,73,91,0.05
2026-04-22,Helsinki,Beauty,3646.97,53,62,0.0
2026-04-22,Helsinki,Sports,4209.52,37,62,0.05
2026-04-22,Espoo,Electronics,4535.27,60,100,0.05
2026-04-22,Espoo,Home,3477.94,46,74,0.1
2026-04-22,Espoo,Beauty,1444.49,18,33,0.2
2026-04-22,Espoo,Sports,2439.23,34,67,0.0
2026-04-22,Tampere,Electronics,3959.79,54,92,0.05
2026-04-22,Tampere,Home,2170.28,26,34,0.05
2026-04-22,Tampere,Beauty,2136.58,33,43,0.1
2026-04-22,Tampere,Sports,2943.72,47,77,0.0
2026-04-22,Oulu,Electronics,3473.14,58,93,0.0
2026-04-22,Oulu,Home,1859.29,29,47,0.0
2026-04-22,Oulu,Beauty,576.03,5,9,0.15
2026-04-22,Oulu,Sports,3092.86,31,36,0.0
2026-04-23,Helsinki,Electronics,6061.16,96,187,0.15
2026-04-23,Helsinki,Home,6051.79,86,147,0.1
2026-04-23,Helsinki,Beauty,3883.43,51,80,0.0
2026-04-23,Helsinki,Sports,4199.11,52,79,0.0
2026-04-23,Espoo,Electronics,5422.31,58,71,0.1
2026-04-23,Espoo,Home,3546.18,41,50,0.0
2026-04-23,Espoo,Beauty,4323.92,53,58,0.05
2026-04-23,Espoo,Sports,3338.15,47,93,0.0
2026-04-23,Tampere,Electronics,4264.27,46,59,0.05
2026-04-23,Tampere,Home,3113.32,35,66,0.05
2026-04-23,Tampere,Beauty,2897.58,37,42,0.0
2026-04-23,Tampere,Sports,3447.11,44,61,0.05
2026-04-23,Oulu,Electronics,2535.67,27,48,0.1
2026-04-23,Oulu,Home,3282.82,35,59,0.0
2026-04-23,Oulu,Beauty,3025.81,49,79,0.0
2026-04-23,Oulu,Sports,1888.16,21,23,0.0
2026-04-24,Helsinki,Electronics,5419.21,95,132,0.0
2026-04-24,Helsinki,Home,4558.05,50,86,0.0
2026-04-24,Helsinki,Beauty,3902.1,50,76,0.0
2026-04-24,Helsinki,Sports,2777.17,31,60,0.2
2026-04-24,Espoo,Electronics,5200.92,61,95,0.1
2026-04-24,Espoo,Home,4258.49,57,70,0.05
2026-04-24,Espoo,Beauty,3137.5,33,37,0.0
2026-04-24,Espoo,Sports,2993.27,34,38,0.0
2026-04-24,Tampere,Electronics,4837.28,85,97,0.0
2026-04-24,Tampere,Home,3148.48,40,74,0.05
2026-04-24,Tampere,Beauty,1869.8,30,38,0.05
2026-04-24,Tampere,Sports,3039.5,46,57,0.0
2026-04-24,Oulu,Electronics,2441.04,20,36,0.0
2026-04-24,Oulu,Home,2548.75,29,48,0.0
2026-04-24,Oulu,Beauty,2015.15,55,84,0.0
2026-04-24,Oulu,Sports,2624.7,39,48,0.15
2026-04-25,Helsinki,Electronics,5780.87,82,120,0.05
2026-04-25,Helsinki,Home,5819.8,61,87,0.0
2026-04-25,Helsinki,Beauty,4610.11,67,102,0.15
2026-04-25,Helsinki,Sports,4171.07,50,70,0.1
2026-04-25,Espoo,Electronics,4837.53,52,85,0.05
2026-04-25,Espoo,Home,5089.18,67,117,0.15
2026-04-25,Espoo,Beauty,4585.39,58,101,0.1
2026-04-25,Espoo,Sports,3120.47,34,53,0.0
2026-04-25,Tampere,Electronics,4784.91,55,62,0.0
2026-04-25,Tampere,Home,3874.85,52,66,0.0
2026-04-25,Tampere,Beauty,2939.77,33,57,0.0
2026-04-25,Tampere,Sports,3627.05,42,54,0.05
2026-04-25,Oulu,Electronics,3885.95,47,61,0.0
2026-04-25,Oulu,Home,3732.6,37,68,0.1
2026-04-25,Oulu,Beauty,3467.13,32,39,0.0
2026-04-25,Oulu,Sports,3137.82,33,51,0.05
2026-04-26,Helsinki,Electronics,6789.18,119,191,0.0
2026-04-26,Helsinki,Home,5731.17,86,108,0.0
2026-04-26,Helsinki,Beauty,5130.93,73,129,0.05
2026-04-26,Helsinki,Sports,5083.54,63,115,0.05
2026-04-26,Espoo,Electronics,4858.9,73,93,0.0
2026-04-26,Espoo,Home,5181.7,69,118,0.0
2026-04-26,Espoo,Beauty,4373.03,50,56,0.05
2026-04-26,Espoo,Sports,3459.8,39,68,0.0
2026-04-26,Tampere,Electronics,5329.76,67,115,0.0
2026-04-26,Tampere,Home,4268.81,48,86,0.0
2026-04-26,Tampere,Beauty,4352.26,45,67,0.15
2026-04-26,Tampere,Sports,3276.06,40,54,0.0
2026-04-26,Oulu,Electronics,5346.38,56,106,0.1
2026-04-26,Oulu,Home,4330.84,51,95,0.0
2026-04-26,Oulu,Beauty,3467.91,41,69,0.05
2026-04-26,Oulu,Sports,2609.66,31,51,0.05
2026-04-27,Helsinki,Electronics,5906.31,59,105,0.1
2026-04-27,Helsinki,Home,5756.26,65,111,0.05
2026-04-27,Helsinki,Beauty,3749.11,69,133,0.0
2026-04-27,Helsinki,Sports,3605.06,39,65,0.0
2026-04-27,Espoo,Electronics,5759.38,62,112,0.05
2026-04-27,Espoo,Home,4279.02,43,52,0.0
2026-04-27,Espoo,Beauty,3924.68,37,48,0.15
2026-04-27,Espoo,Sports,4190.1,50,84,0.1
2026-04-27,Tampere,Electronics,5189.44,59,84,0.0
2026-04-27,Tampere,Home,4449.18,43,84,0.0
2026-04-27,Tampere,Beauty,2487.73,35,51,0.0
2026-04-27,Tampere,Sports,3585.97,48,84,0.05
2026-04-27,Oulu,Electronics,2616.81,31,57,0.1
2026-04-27,Oulu,Home,3817.83,38,49,0.1
2026-04-27,Oulu,Beauty,3615.9,31,49,0.0
2026-04-27,Oulu,Sports,2918.89,37,70,0.0
2026-04-28,Helsinki,Electronics,6849.37,78,118,0.1
2026-04-28,Helsinki,Home,5345.96,47,70,0.1
2026-04-28,Helsinki,Beauty,4034.98,48,73,0.15
2026-04-28,Helsinki,Sports,3498.49,54,97,0.2
2026-04-28,Espoo,Electronics,5145.91,62,112,0.05
2026-04-28,Espoo,Home,4093.13,58,84,0.0
2026-04-28,Espoo,Beauty,3870.05,50,98,0.0
2026-04-28,Espoo,Sports,3436.6,57,108,0.1
2026-04-28,Tampere,Electronics,4461.65,34,51,0.0
2026-04-28,Tampere,Home,3712.8,51,85,0.0
2026-04-28,Tampere,Beauty,4368.79,49,86,0.05
2026-04-28,Tampere,Sports,2371.08,30,34,0.15
2026-04-28,Oulu,Electronics,4080.7,53,60,0.0
2026-04-28,Oulu,Home,2943.2,46,67,0.0
2026-04-28,Oulu,Beauty,3286.92,37,54,0.05
2026-04-28,Oulu,Sports,2198.31,34,66,0.1
2026-04-29,Helsinki,Electronics,6620.68,69,78,0.0
2026-04-29,Helsinki,Home,5223.6,63,114,0.1
2026-04-29,Helsinki,Beauty,4642.53,46,82,0.1
2026-04-29,Helsinki,Sports,4551.93,54,75,0.0
2026-04-29,Espoo,Electronics,5056.32,89,176,0.0
2026-04-29,Espoo,Home,4660.46,79,98,0.0
2026-04-29,Espoo,Beauty,4131.67,53,88,0.1
2026-04-29,Espoo,Sports,4770.98,58,94,0.0
2026-04-29,Tampere,Electronics,6506.02,87,132,0.1
2026-04-29,Tampere,Home,4345.04,55,72,0.0
2026-04-29,Tampere,Beauty,2650.99,32,61,0.05
2026-04-29,Tampere,Sports,3420.88,39,62,0.05
2026-04-29,Oulu,Electronics,4228.15,50,92,0.05
2026-04-29,Oulu,Home,3227.37,33,46,0.0
2026-04-29,Oulu,Beauty,3441.08,84,166,0.1
2026-04-29,Oulu,Sports,3220.53,44,68,0.0
2026-04-30,Helsinki,Electronics,7787.21,66,77,0.05
2026-04-30,Helsinki,Home,6048.37,69,98,0.2
2026-04-30,Helsinki,Beauty,4788.31,62,89,0.0
2026-04-30,Helsinki,Sports,4626.79,50,66,0.0
2026-04-30,Espoo,Electronics,6433.15,98,180,0.0
2026-04-30,Espoo,Home,4924.18,74,145,0.15
2026-04-30,Espoo,Beauty,5790.23,79,124,0.1
2026-04-30,Espoo,Sports,5417.22,82,94,0.0
2026-04-30,Tampere,Electronics,6058.61,137,228,0.1
2026-04-30,Tampere,Home,4627.22,41,64,0.05
2026-04-30,Tampere,Beauty,5354.26,66,74,0.1
2026-04-30,Tampere,Sports,3432.24,59,84,0.05
2026-04-30,Oulu,Electronics,4894.59,46,58,0.05
2026-04-30,Oulu,Home,3593.8,36,51,0.0
2026-04-30,Oulu,Beauty,2803.35,35,63,0.0
2026-04-30,Oulu,Sports,2781.56,37,58,0.0
2026-03-25,Oulu,Beauty,2724.24,31,59,0.1
2026-04-24,Espoo,Beauty,3137.5,33,37,0.0
2026-04-17,Oulu,Beauty,4192.65,42,77,0.0
2026-01-26,Oulu,Electronics,3600.99,38,49,0.0
2026-02-12,Helsinki,Beauty,7305.77,114,161,0.15
2026-03-14,Oulu,Home,5431.28,68,129,0.0
2026-02-18,Helsinki,Electronics,5138.95,49,64,0.0
2026-03-31,Tampere,Electronics,5847.39,91,169,0.2
